provincias;grupo_edad;sexo;poblacion_total
02 Albacete;De 0 a 4 años;Hombres;7.388
02 Albacete;De 0 a 4 años;Mujeres;6.764
02 Albacete;De 5 a 9 años;Hombres;8.883
02 Albacete;De 5 a 9 años;Mujeres;8.178
02 Albacete;De 10 a 14 años  ;Hombres;9.876
02 Albacete;De 10 a 14 años  ;Mujeres;9.280
02 Albacete;De 15 a 19 años  ;Hombres;9.632
02 Albacete;De 15 a 19 años  ;Mujeres;9.191
02 Albacete;De 20 a 24 años;Hombres;9.903
02 Albacete;De 20 a 24 años;Mujeres;9.273
02 Albacete;De 25 a 29 años;Hombres;10.013
02 Albacete;De 25 a 29 años;Mujeres;9.262
02 Albacete;De 30 a 34 años;Hombres;10.234
02 Albacete;De 30 a 34 años;Mujeres;9.574
02 Albacete;De 35 a 39 años;Hombres;11.583
02 Albacete;De 35 a 39 años;Mujeres;10.835
02 Albacete;De 40 a 44 años;Hombres;13.977
02 Albacete;De 40 a 44 años;Mujeres;13.364
02 Albacete;De 45 a 49 años;Hombres;14.350
02 Albacete;De 45 a 49 años;Mujeres;13.981
02 Albacete;De 50 a 54 años;Hombres;14.672
02 Albacete;De 50 a 54 años;Mujeres;14.707
02 Albacete;De 55 a 59 años;Hombres;14.397
02 Albacete;De 55 a 59 años;Mujeres;14.226
02 Albacete;De 60 a 64 años;Hombres;11.859
02 Albacete;De 60 a 64 años;Mujeres;11.846
02 Albacete;De 65 a 69 años;Hombres;8.841
02 Albacete;De 65 a 69 años;Mujeres;9.380
02 Albacete;De 70 a 74 años  ;Hombres;7.734
02 Albacete;De 70 a 74 años  ;Mujeres;8.636
02 Albacete;De 75 a 79 años  ;Hombres;6.331
02 Albacete;De 75 a 79 años  ;Mujeres;7.800
02 Albacete;De 80 a 84 años  ;Hombres;4.852
02 Albacete;De 80 a 84 años  ;Mujeres;6.593
02 Albacete;De 85 a 89 años  ;Hombres;3.460
02 Albacete;De 85 a 89 años  ;Mujeres;5.265
02 Albacete;90 y más años;Hombres;1.705
02 Albacete;90 y más años;Mujeres;3.114
03 Alicante/Alacant;De 0 a 4 años;Hombres;31.769
03 Alicante/Alacant;De 0 a 4 años;Mujeres;29.532
03 Alicante/Alacant;De 5 a 9 años;Hombres;37.951
03 Alicante/Alacant;De 5 a 9 años;Mujeres;35.587
03 Alicante/Alacant;De 10 a 14 años  ;Hombres;43.659
03 Alicante/Alacant;De 10 a 14 años  ;Mujeres;41.089
03 Alicante/Alacant;De 15 a 19 años  ;Hombres;42.327
03 Alicante/Alacant;De 15 a 19 años  ;Mujeres;39.531
03 Alicante/Alacant;De 20 a 24 años;Hombres;38.470
03 Alicante/Alacant;De 20 a 24 años;Mujeres;36.339
03 Alicante/Alacant;De 25 a 29 años;Hombres;38.450
03 Alicante/Alacant;De 25 a 29 años;Mujeres;36.040
03 Alicante/Alacant;De 30 a 34 años;Hombres;41.498
03 Alicante/Alacant;De 30 a 34 años;Mujeres;39.577
03 Alicante/Alacant;De 35 a 39 años;Hombres;49.530
03 Alicante/Alacant;De 35 a 39 años;Mujeres;48.106
03 Alicante/Alacant;De 40 a 44 años;Hombres;62.453
03 Alicante/Alacant;De 40 a 44 años;Mujeres;59.952
03 Alicante/Alacant;De 45 a 49 años;Hombres;62.787
03 Alicante/Alacant;De 45 a 49 años;Mujeres;61.022
03 Alicante/Alacant;De 50 a 54 años;Hombres;59.384
03 Alicante/Alacant;De 50 a 54 años;Mujeres;59.559
03 Alicante/Alacant;De 55 a 59 años;Hombres;55.053
03 Alicante/Alacant;De 55 a 59 años;Mujeres;56.246
03 Alicante/Alacant;De 60 a 64 años;Hombres;47.207
03 Alicante/Alacant;De 60 a 64 años;Mujeres;49.998
03 Alicante/Alacant;De 65 a 69 años;Hombres;38.655
03 Alicante/Alacant;De 65 a 69 años;Mujeres;42.216
03 Alicante/Alacant;De 70 a 74 años  ;Hombres;33.121
03 Alicante/Alacant;De 70 a 74 años  ;Mujeres;38.457
03 Alicante/Alacant;De 75 a 79 años  ;Hombres;25.549
03 Alicante/Alacant;De 75 a 79 años  ;Mujeres;31.693
03 Alicante/Alacant;De 80 a 84 años  ;Hombres;17.282
03 Alicante/Alacant;De 80 a 84 años  ;Mujeres;24.712
03 Alicante/Alacant;De 85 a 89 años  ;Hombres;11.210
03 Alicante/Alacant;De 85 a 89 años  ;Mujeres;18.774
03 Alicante/Alacant;90 y más años;Hombres;4.999
03 Alicante/Alacant;90 y más años;Mujeres;10.913
04 Almería;De 0 a 4 años;Hombres;14.124
04 Almería;De 0 a 4 años;Mujeres;13.464
04 Almería;De 5 a 9 años;Hombres;16.822
04 Almería;De 5 a 9 años;Mujeres;15.692
04 Almería;De 10 a 14 años  ;Hombres;18.491
04 Almería;De 10 a 14 años  ;Mujeres;17.434
04 Almería;De 15 a 19 años  ;Hombres;16.616
04 Almería;De 15 a 19 años  ;Mujeres;15.833
04 Almería;De 20 a 24 años;Hombres;15.618
04 Almería;De 20 a 24 años;Mujeres;14.784
04 Almería;De 25 a 29 años;Hombres;16.122
04 Almería;De 25 a 29 años;Mujeres;15.212
04 Almería;De 30 a 34 años;Hombres;17.875
04 Almería;De 30 a 34 años;Mujeres;16.687
04 Almería;De 35 a 39 años;Hombres;20.255
04 Almería;De 35 a 39 años;Mujeres;19.752
04 Almería;De 40 a 44 años;Hombres;23.924
04 Almería;De 40 a 44 años;Mujeres;22.948
04 Almería;De 45 a 49 años;Hombres;23.066
04 Almería;De 45 a 49 años;Mujeres;22.662
04 Almería;De 50 a 54 años;Hombres;22.169
04 Almería;De 50 a 54 años;Mujeres;22.072
04 Almería;De 55 a 59 años;Hombres;20.202
04 Almería;De 55 a 59 años;Mujeres;20.491
04 Almería;De 60 a 64 años;Hombres;17.377
04 Almería;De 60 a 64 años;Mujeres;17.690
04 Almería;De 65 a 69 años;Hombres;13.557
04 Almería;De 65 a 69 años;Mujeres;14.186
04 Almería;De 70 a 74 años  ;Hombres;10.927
04 Almería;De 70 a 74 años  ;Mujeres;12.574
04 Almería;De 75 a 79 años  ;Hombres;7.650
04 Almería;De 75 a 79 años  ;Mujeres;9.536
04 Almería;De 80 a 84 años  ;Hombres;5.214
04 Almería;De 80 a 84 años  ;Mujeres;7.801
04 Almería;De 85 a 89 años  ;Hombres;3.539
04 Almería;De 85 a 89 años  ;Mujeres;5.991
04 Almería;90 y más años;Hombres;1.610
04 Almería;90 y más años;Mujeres;3.245
01 Araba/Álava;De 0 a 4 años;Hombres;6.093
01 Araba/Álava;De 0 a 4 años;Mujeres;5.732
01 Araba/Álava;De 5 a 9 años;Hombres;7.983
01 Araba/Álava;De 5 a 9 años;Mujeres;7.329
01 Araba/Álava;De 10 a 14 años  ;Hombres;7.903
01 Araba/Álava;De 10 a 14 años  ;Mujeres;7.319
01 Araba/Álava;De 15 a 19 años  ;Hombres;7.198
01 Araba/Álava;De 15 a 19 años  ;Mujeres;6.757
01 Araba/Álava;De 20 a 24 años;Hombres;6.371
01 Araba/Álava;De 20 a 24 años;Mujeres;6.104
01 Araba/Álava;De 25 a 29 años;Hombres;6.072
01 Araba/Álava;De 25 a 29 años;Mujeres;5.880
01 Araba/Álava;De 30 a 34 años;Hombres;7.193
01 Araba/Álava;De 30 a 34 años;Mujeres;6.878
01 Araba/Álava;De 35 a 39 años;Hombres;9.392
01 Araba/Álava;De 35 a 39 años;Mujeres;9.285
01 Araba/Álava;De 40 a 44 años;Hombres;12.634
01 Araba/Álava;De 40 a 44 años;Mujeres;12.060
01 Araba/Álava;De 45 a 49 años;Hombres;12.937
01 Araba/Álava;De 45 a 49 años;Mujeres;12.431
01 Araba/Álava;De 50 a 54 años;Hombres;12.316
01 Araba/Álava;De 50 a 54 años;Mujeres;12.133
01 Araba/Álava;De 55 a 59 años;Hombres;11.511
01 Araba/Álava;De 55 a 59 años;Mujeres;11.971
01 Araba/Álava;De 60 a 64 años;Hombres;10.230
01 Araba/Álava;De 60 a 64 años;Mujeres;10.945
01 Araba/Álava;De 65 a 69 años;Hombres;8.833
01 Araba/Álava;De 65 a 69 años;Mujeres;9.527
01 Araba/Álava;De 70 a 74 años  ;Hombres;8.140
01 Araba/Álava;De 70 a 74 años  ;Mujeres;8.988
01 Araba/Álava;De 75 a 79 años  ;Hombres;6.298
01 Araba/Álava;De 75 a 79 años  ;Mujeres;7.182
01 Araba/Álava;De 80 a 84 años  ;Hombres;4.079
01 Araba/Álava;De 80 a 84 años  ;Mujeres;5.403
01 Araba/Álava;De 85 a 89 años  ;Hombres;2.789
01 Araba/Álava;De 85 a 89 años  ;Mujeres;4.567
01 Araba/Álava;90 y más años;Hombres;1.202
01 Araba/Álava;90 y más años;Mujeres;3.182
33 Asturias;De 0 a 4 años;Hombres;14.129
33 Asturias;De 0 a 4 años;Mujeres;13.328
33 Asturias;De 5 a 9 años;Hombres;18.154
33 Asturias;De 5 a 9 años;Mujeres;17.037
33 Asturias;De 10 a 14 años  ;Hombres;20.575
33 Asturias;De 10 a 14 años  ;Mujeres;19.569
33 Asturias;De 15 a 19 años  ;Hombres;19.229
33 Asturias;De 15 a 19 años  ;Mujeres;18.142
33 Asturias;De 20 a 24 años;Hombres;18.104
33 Asturias;De 20 a 24 años;Mujeres;16.939
33 Asturias;De 25 a 29 años;Hombres;18.377
33 Asturias;De 25 a 29 años;Mujeres;17.442
33 Asturias;De 30 a 34 años;Hombres;21.820
33 Asturias;De 30 a 34 años;Mujeres;20.909
33 Asturias;De 35 a 39 años;Hombres;28.771
33 Asturias;De 35 a 39 años;Mujeres;28.677
33 Asturias;De 40 a 44 años;Hombres;38.739
33 Asturias;De 40 a 44 años;Mujeres;38.331
33 Asturias;De 45 a 49 años;Hombres;39.955
33 Asturias;De 45 a 49 años;Mujeres;40.351
33 Asturias;De 50 a 54 años;Hombres;38.401
33 Asturias;De 50 a 54 años;Mujeres;39.013
33 Asturias;De 55 a 59 años;Hombres;38.469
33 Asturias;De 55 a 59 años;Mujeres;40.728
33 Asturias;De 60 a 64 años;Hombres;37.592
33 Asturias;De 60 a 64 años;Mujeres;41.398
33 Asturias;De 65 a 69 años;Hombres;32.408
33 Asturias;De 65 a 69 años;Mujeres;36.406
33 Asturias;De 70 a 74 años  ;Hombres;28.364
33 Asturias;De 70 a 74 años  ;Mujeres;34.427
33 Asturias;De 75 a 79 años  ;Hombres;20.136
33 Asturias;De 75 a 79 años  ;Mujeres;26.355
33 Asturias;De 80 a 84 años  ;Hombres;13.794
33 Asturias;De 80 a 84 años  ;Mujeres;21.748
33 Asturias;De 85 a 89 años  ;Hombres;11.006
33 Asturias;De 85 a 89 años  ;Mujeres;20.547
33 Asturias;90 y más años;Hombres;5.035
33 Asturias;90 y más años;Mujeres;13.669
05 Ávila;De 0 a 4 años;Hombres;2.363
05 Ávila;De 0 a 4 años;Mujeres;2.196
05 Ávila;De 5 a 9 años;Hombres;2.967
05 Ávila;De 5 a 9 años;Mujeres;2.668
05 Ávila;De 10 a 14 años  ;Hombres;3.365
05 Ávila;De 10 a 14 años  ;Mujeres;3.155
05 Ávila;De 15 a 19 años  ;Hombres;3.294
05 Ávila;De 15 a 19 años  ;Mujeres;3.027
05 Ávila;De 20 a 24 años;Hombres;3.196
05 Ávila;De 20 a 24 años;Mujeres;3.021
05 Ávila;De 25 a 29 años;Hombres;3.341
05 Ávila;De 25 a 29 años;Mujeres;2.884
05 Ávila;De 30 a 34 años;Hombres;3.466
05 Ávila;De 30 a 34 años;Mujeres;3.158
05 Ávila;De 35 a 39 años;Hombres;3.938
05 Ávila;De 35 a 39 años;Mujeres;3.763
05 Ávila;De 40 a 44 años;Hombres;5.068
05 Ávila;De 40 a 44 años;Mujeres;4.798
05 Ávila;De 45 a 49 años;Hombres;5.450
05 Ávila;De 45 a 49 años;Mujeres;5.152
05 Ávila;De 50 a 54 años;Hombres;5.828
05 Ávila;De 50 a 54 años;Mujeres;5.616
05 Ávila;De 55 a 59 años;Hombres;6.368
05 Ávila;De 55 a 59 años;Mujeres;5.861
05 Ávila;De 60 a 64 años;Hombres;5.910
05 Ávila;De 60 a 64 años;Mujeres;5.197
05 Ávila;De 65 a 69 años;Hombres;4.836
05 Ávila;De 65 a 69 años;Mujeres;4.220
05 Ávila;De 70 a 74 años  ;Hombres;4.195
05 Ávila;De 70 a 74 años  ;Mujeres;4.214
05 Ávila;De 75 a 79 años  ;Hombres;3.408
05 Ávila;De 75 a 79 años  ;Mujeres;3.869
05 Ávila;De 80 a 84 años  ;Hombres;2.650
05 Ávila;De 80 a 84 años  ;Mujeres;3.415
05 Ávila;De 85 a 89 años  ;Hombres;2.225
05 Ávila;De 85 a 89 años  ;Mujeres;3.296
05 Ávila;90 y más años;Hombres;1.231
05 Ávila;90 y más años;Mujeres;2.401
06 Badajoz;De 0 a 4 años;Hombres;13.527
06 Badajoz;De 0 a 4 años;Mujeres;12.748
06 Badajoz;De 5 a 9 años;Hombres;15.730
06 Badajoz;De 5 a 9 años;Mujeres;14.821
06 Badajoz;De 10 a 14 años  ;Hombres;17.515
06 Badajoz;De 10 a 14 años  ;Mujeres;16.609
06 Badajoz;De 15 a 19 años  ;Hombres;17.059
06 Badajoz;De 15 a 19 años  ;Mujeres;16.390
06 Badajoz;De 20 a 24 años;Hombres;17.149
06 Badajoz;De 20 a 24 años;Mujeres;16.770
06 Badajoz;De 25 a 29 años;Hombres;18.746
06 Badajoz;De 25 a 29 años;Mujeres;17.741
06 Badajoz;De 30 a 34 años;Hombres;19.927
06 Badajoz;De 30 a 34 años;Mujeres;18.544
06 Badajoz;De 35 a 39 años;Hombres;21.598
06 Badajoz;De 35 a 39 años;Mujeres;20.738
06 Badajoz;De 40 a 44 años;Hombres;24.075
06 Badajoz;De 40 a 44 años;Mujeres;23.821
06 Badajoz;De 45 a 49 años;Hombres;25.449
06 Badajoz;De 45 a 49 años;Mujeres;24.593
06 Badajoz;De 50 a 54 años;Hombres;25.603
06 Badajoz;De 50 a 54 años;Mujeres;25.634
06 Badajoz;De 55 a 59 años;Hombres;25.735
06 Badajoz;De 55 a 59 años;Mujeres;25.203
06 Badajoz;De 60 a 64 años;Hombres;21.526
06 Badajoz;De 60 a 64 años;Mujeres;20.923
06 Badajoz;De 65 a 69 años;Hombres;16.634
06 Badajoz;De 65 a 69 años;Mujeres;16.785
06 Badajoz;De 70 a 74 años  ;Hombres;14.128
06 Badajoz;De 70 a 74 años  ;Mujeres;15.908
06 Badajoz;De 75 a 79 años  ;Hombres;11.155
06 Badajoz;De 75 a 79 años  ;Mujeres;13.995
06 Badajoz;De 80 a 84 años  ;Hombres;7.826
06 Badajoz;De 80 a 84 años  ;Mujeres;11.718
06 Badajoz;De 85 a 89 años  ;Hombres;5.653
06 Badajoz;De 85 a 89 años  ;Mujeres;9.698
06 Badajoz;90 y más años;Hombres;2.400
06 Badajoz;90 y más años;Mujeres;5.154
07 Balears, Illes;De 0 a 4 años;Hombres;20.854
07 Balears, Illes;De 0 a 4 años;Mujeres;19.698
07 Balears, Illes;De 5 a 9 años;Hombres;24.398
07 Balears, Illes;De 5 a 9 años;Mujeres;22.876
07 Balears, Illes;De 10 a 14 años  ;Hombres;27.704
07 Balears, Illes;De 10 a 14 años  ;Mujeres;25.308
07 Balears, Illes;De 15 a 19 años  ;Hombres;26.365
07 Balears, Illes;De 15 a 19 años  ;Mujeres;24.616
07 Balears, Illes;De 20 a 24 años;Hombres;24.744
07 Balears, Illes;De 20 a 24 años;Mujeres;23.175
07 Balears, Illes;De 25 a 29 años;Hombres;27.086
07 Balears, Illes;De 25 a 29 años;Mujeres;26.063
07 Balears, Illes;De 30 a 34 años;Hombres;30.376
07 Balears, Illes;De 30 a 34 años;Mujeres;29.011
07 Balears, Illes;De 35 a 39 años;Hombres;35.010
07 Balears, Illes;De 35 a 39 años;Mujeres;33.480
07 Balears, Illes;De 40 a 44 años;Hombres;41.123
07 Balears, Illes;De 40 a 44 años;Mujeres;38.531
07 Balears, Illes;De 45 a 49 años;Hombres;41.568
07 Balears, Illes;De 45 a 49 años;Mujeres;39.159
07 Balears, Illes;De 50 a 54 años;Hombres;37.106
07 Balears, Illes;De 50 a 54 años;Mujeres;35.989
07 Balears, Illes;De 55 a 59 años;Hombres;32.993
07 Balears, Illes;De 55 a 59 años;Mujeres;33.142
07 Balears, Illes;De 60 a 64 años;Hombres;27.940
07 Balears, Illes;De 60 a 64 años;Mujeres;28.949
07 Balears, Illes;De 65 a 69 años;Hombres;23.173
07 Balears, Illes;De 65 a 69 años;Mujeres;24.420
07 Balears, Illes;De 70 a 74 años  ;Hombres;19.757
07 Balears, Illes;De 70 a 74 años  ;Mujeres;21.962
07 Balears, Illes;De 75 a 79 años  ;Hombres;14.352
07 Balears, Illes;De 75 a 79 años  ;Mujeres;17.241
07 Balears, Illes;De 80 a 84 años  ;Hombres;9.032
07 Balears, Illes;De 80 a 84 años  ;Mujeres;12.870
07 Balears, Illes;De 85 a 89 años  ;Hombres;5.755
07 Balears, Illes;De 85 a 89 años  ;Mujeres;10.115
07 Balears, Illes;90 y más años;Hombres;2.548
07 Balears, Illes;90 y más años;Mujeres;6.486
08 Barcelona;De 0 a 4 años;Hombres;100.911
08 Barcelona;De 0 a 4 años;Mujeres;95.567
08 Barcelona;De 5 a 9 años;Hombres;127.223
08 Barcelona;De 5 a 9 años;Mujeres;119.453
08 Barcelona;De 10 a 14 años  ;Hombres;144.858
08 Barcelona;De 10 a 14 años  ;Mujeres;134.885
08 Barcelona;De 15 a 19 años  ;Hombres;133.877
08 Barcelona;De 15 a 19 años  ;Mujeres;126.344
08 Barcelona;De 20 a 24 años;Hombres;119.090
08 Barcelona;De 20 a 24 años;Mujeres;111.337
08 Barcelona;De 25 a 29 años;Hombres;114.746
08 Barcelona;De 25 a 29 años;Mujeres;110.184
08 Barcelona;De 30 a 34 años;Hombres;121.608
08 Barcelona;De 30 a 34 años;Mujeres;118.842
08 Barcelona;De 35 a 39 años;Hombres;148.122
08 Barcelona;De 35 a 39 años;Mujeres;149.763
08 Barcelona;De 40 a 44 años;Hombres;198.830
08 Barcelona;De 40 a 44 años;Mujeres;198.363
08 Barcelona;De 45 a 49 años;Hombres;208.786
08 Barcelona;De 45 a 49 años;Mujeres;206.209
08 Barcelona;De 50 a 54 años;Hombres;189.557
08 Barcelona;De 50 a 54 años;Mujeres;191.504
08 Barcelona;De 55 a 59 años;Hombres;169.182
08 Barcelona;De 55 a 59 años;Mujeres;178.401
08 Barcelona;De 60 a 64 años;Hombres;148.213
08 Barcelona;De 60 a 64 años;Mujeres;164.745
08 Barcelona;De 65 a 69 años;Hombres;125.400
08 Barcelona;De 65 a 69 años;Mujeres;145.643
08 Barcelona;De 70 a 74 años  ;Hombres;114.820
08 Barcelona;De 70 a 74 años  ;Mujeres;139.901
08 Barcelona;De 75 a 79 años  ;Hombres;88.695
08 Barcelona;De 75 a 79 años  ;Mujeres;114.905
08 Barcelona;De 80 a 84 años  ;Hombres;59.176
08 Barcelona;De 80 a 84 años  ;Mujeres;87.160
08 Barcelona;De 85 a 89 años  ;Hombres;40.532
08 Barcelona;De 85 a 89 años  ;Mujeres;73.316
08 Barcelona;90 y más años;Hombres;18.087
08 Barcelona;90 y más años;Mujeres;47.459
48 Bizkaia;De 0 a 4 años;Hombres;19.243
48 Bizkaia;De 0 a 4 años;Mujeres;18.024
48 Bizkaia;De 5 a 9 años;Hombres;24.532
48 Bizkaia;De 5 a 9 años;Mujeres;23.523
48 Bizkaia;De 10 a 14 años  ;Hombres;27.023
48 Bizkaia;De 10 a 14 años  ;Mujeres;25.477
48 Bizkaia;De 15 a 19 años  ;Hombres;25.397
48 Bizkaia;De 15 a 19 años  ;Mujeres;24.085
48 Bizkaia;De 20 a 24 años;Hombres;22.489
48 Bizkaia;De 20 a 24 años;Mujeres;21.324
48 Bizkaia;De 25 a 29 años;Hombres;21.689
48 Bizkaia;De 25 a 29 años;Mujeres;20.720
48 Bizkaia;De 30 a 34 años;Hombres;24.227
48 Bizkaia;De 30 a 34 años;Mujeres;23.640
48 Bizkaia;De 35 a 39 años;Hombres;31.409
48 Bizkaia;De 35 a 39 años;Mujeres;30.818
48 Bizkaia;De 40 a 44 años;Hombres;42.022
48 Bizkaia;De 40 a 44 años;Mujeres;41.278
48 Bizkaia;De 45 a 49 años;Hombres;44.510
48 Bizkaia;De 45 a 49 años;Mujeres;43.850
48 Bizkaia;De 50 a 54 años;Hombres;43.107
48 Bizkaia;De 50 a 54 años;Mujeres;43.493
48 Bizkaia;De 55 a 59 años;Hombres;42.194
48 Bizkaia;De 55 a 59 años;Mujeres;44.599
48 Bizkaia;De 60 a 64 años;Hombres;38.840
48 Bizkaia;De 60 a 64 años;Mujeres;42.107
48 Bizkaia;De 65 a 69 años;Hombres;31.688
48 Bizkaia;De 65 a 69 años;Mujeres;35.633
48 Bizkaia;De 70 a 74 años  ;Hombres;28.232
48 Bizkaia;De 70 a 74 años  ;Mujeres;33.878
48 Bizkaia;De 75 a 79 años  ;Hombres;21.277
48 Bizkaia;De 75 a 79 años  ;Mujeres;28.115
48 Bizkaia;De 80 a 84 años  ;Hombres;14.410
48 Bizkaia;De 80 a 84 años  ;Mujeres;22.714
48 Bizkaia;De 85 a 89 años  ;Hombres;10.916
48 Bizkaia;De 85 a 89 años  ;Mujeres;20.119
48 Bizkaia;90 y más años;Hombres;4.734
48 Bizkaia;90 y más años;Mujeres;12.927
09 Burgos;De 0 a 4 años;Hombres;5.781
09 Burgos;De 0 a 4 años;Mujeres;5.382
09 Burgos;De 5 a 9 años;Hombres;7.366
09 Burgos;De 5 a 9 años;Mujeres;6.759
09 Burgos;De 10 a 14 años  ;Hombres;7.980
09 Burgos;De 10 a 14 años  ;Mujeres;7.419
09 Burgos;De 15 a 19 años  ;Hombres;7.479
09 Burgos;De 15 a 19 años  ;Mujeres;7.051
09 Burgos;De 20 a 24 años;Hombres;7.096
09 Burgos;De 20 a 24 años;Mujeres;6.559
09 Burgos;De 25 a 29 años;Hombres;7.071
09 Burgos;De 25 a 29 años;Mujeres;6.300
09 Burgos;De 30 a 34 años;Hombres;7.809
09 Burgos;De 30 a 34 años;Mujeres;7.030
09 Burgos;De 35 a 39 años;Hombres;9.480
09 Burgos;De 35 a 39 años;Mujeres;8.677
09 Burgos;De 40 a 44 años;Hombres;12.264
09 Burgos;De 40 a 44 años;Mujeres;11.493
09 Burgos;De 45 a 49 años;Hombres;13.121
09 Burgos;De 45 a 49 años;Mujeres;12.355
09 Burgos;De 50 a 54 años;Hombres;13.408
09 Burgos;De 50 a 54 años;Mujeres;12.711
09 Burgos;De 55 a 59 años;Hombres;13.489
09 Burgos;De 55 a 59 años;Mujeres;12.994
09 Burgos;De 60 a 64 años;Hombres;12.878
09 Burgos;De 60 a 64 años;Mujeres;11.953
09 Burgos;De 65 a 69 años;Hombres;10.803
09 Burgos;De 65 a 69 años;Mujeres;10.063
09 Burgos;De 70 a 74 años  ;Hombres;9.351
09 Burgos;De 70 a 74 años  ;Mujeres;9.375
09 Burgos;De 75 a 79 años  ;Hombres;7.322
09 Burgos;De 75 a 79 años  ;Mujeres;8.096
09 Burgos;De 80 a 84 años  ;Hombres;4.949
09 Burgos;De 80 a 84 años  ;Mujeres;6.736
09 Burgos;De 85 a 89 años  ;Hombres;3.872
09 Burgos;De 85 a 89 años  ;Mujeres;6.493
09 Burgos;90 y más años;Hombres;2.161
09 Burgos;90 y más años;Mujeres;5.110
10 Cáceres;De 0 a 4 años;Hombres;6.530
10 Cáceres;De 0 a 4 años;Mujeres;6.247
10 Cáceres;De 5 a 9 años;Hombres;7.691
10 Cáceres;De 5 a 9 años;Mujeres;7.248
10 Cáceres;De 10 a 14 años  ;Hombres;9.032
10 Cáceres;De 10 a 14 años  ;Mujeres;8.476
10 Cáceres;De 15 a 19 años  ;Hombres;9.229
10 Cáceres;De 15 a 19 años  ;Mujeres;8.652
10 Cáceres;De 20 a 24 años;Hombres;9.446
10 Cáceres;De 20 a 24 años;Mujeres;8.599
10 Cáceres;De 25 a 29 años;Hombres;9.647
10 Cáceres;De 25 a 29 años;Mujeres;8.925
10 Cáceres;De 30 a 34 años;Hombres;10.504
10 Cáceres;De 30 a 34 años;Mujeres;9.591
10 Cáceres;De 35 a 39 años;Hombres;11.755
10 Cáceres;De 35 a 39 años;Mujeres;10.895
10 Cáceres;De 40 a 44 años;Hombres;13.329
10 Cáceres;De 40 a 44 años;Mujeres;12.612
10 Cáceres;De 45 a 49 años;Hombres;13.993
10 Cáceres;De 45 a 49 años;Mujeres;13.572
10 Cáceres;De 50 a 54 años;Hombres;15.305
10 Cáceres;De 50 a 54 años;Mujeres;14.850
10 Cáceres;De 55 a 59 años;Hombres;16.175
10 Cáceres;De 55 a 59 años;Mujeres;15.485
10 Cáceres;De 60 a 64 años;Hombres;14.306
10 Cáceres;De 60 a 64 años;Mujeres;13.416
10 Cáceres;De 65 a 69 años;Hombres;11.173
10 Cáceres;De 65 a 69 años;Mujeres;10.566
10 Cáceres;De 70 a 74 años  ;Hombres;8.819
10 Cáceres;De 70 a 74 años  ;Mujeres;9.701
10 Cáceres;De 75 a 79 años  ;Hombres;7.321
10 Cáceres;De 75 a 79 años  ;Mujeres;9.083
10 Cáceres;De 80 a 84 años  ;Hombres;5.699
10 Cáceres;De 80 a 84 años  ;Mujeres;8.069
10 Cáceres;De 85 a 89 años  ;Hombres;4.470
10 Cáceres;De 85 a 89 años  ;Mujeres;7.322
10 Cáceres;90 y más años;Hombres;2.062
10 Cáceres;90 y más años;Mujeres;4.268
11 Cádiz;De 0 a 4 años;Hombres;26.420
11 Cádiz;De 0 a 4 años;Mujeres;24.872
11 Cádiz;De 5 a 9 años;Hombres;31.708
11 Cádiz;De 5 a 9 años;Mujeres;29.996
11 Cádiz;De 10 a 14 años  ;Hombres;37.417
11 Cádiz;De 10 a 14 años  ;Mujeres;35.798
11 Cádiz;De 15 a 19 años  ;Hombres;35.507
11 Cádiz;De 15 a 19 años  ;Mujeres;33.420
11 Cádiz;De 20 a 24 años;Hombres;32.188
11 Cádiz;De 20 a 24 años;Mujeres;30.168
11 Cádiz;De 25 a 29 años;Hombres;32.538
11 Cádiz;De 25 a 29 años;Mujeres;30.719
11 Cádiz;De 30 a 34 años;Hombres;35.242
11 Cádiz;De 30 a 34 años;Mujeres;34.516
11 Cádiz;De 35 a 39 años;Hombres;41.363
11 Cádiz;De 35 a 39 años;Mujeres;41.138
11 Cádiz;De 40 a 44 años;Hombres;49.349
11 Cádiz;De 40 a 44 años;Mujeres;48.683
11 Cádiz;De 45 a 49 años;Hombres;50.039
11 Cádiz;De 45 a 49 años;Mujeres;48.259
11 Cádiz;De 50 a 54 años;Hombres;48.285
11 Cádiz;De 50 a 54 años;Mujeres;48.080
11 Cádiz;De 55 a 59 años;Hombres;43.520
11 Cádiz;De 55 a 59 años;Mujeres;44.026
11 Cádiz;De 60 a 64 años;Hombres;37.675
11 Cádiz;De 60 a 64 años;Mujeres;38.951
11 Cádiz;De 65 a 69 años;Hombres;29.550
11 Cádiz;De 65 a 69 años;Mujeres;31.369
11 Cádiz;De 70 a 74 años  ;Hombres;24.359
11 Cádiz;De 70 a 74 años  ;Mujeres;27.501
11 Cádiz;De 75 a 79 años  ;Hombres;17.981
11 Cádiz;De 75 a 79 años  ;Mujeres;22.233
11 Cádiz;De 80 a 84 años  ;Hombres;10.984
11 Cádiz;De 80 a 84 años  ;Mujeres;16.561
11 Cádiz;De 85 a 89 años  ;Hombres;6.562
11 Cádiz;De 85 a 89 años  ;Mujeres;11.471
11 Cádiz;90 y más años;Hombres;2.365
11 Cádiz;90 y más años;Mujeres;5.583
39 Cantabria;De 0 a 4 años;Hombres;9.428
39 Cantabria;De 0 a 4 años;Mujeres;9.025
39 Cantabria;De 5 a 9 años;Hombres;12.435
39 Cantabria;De 5 a 9 años;Mujeres;11.493
39 Cantabria;De 10 a 14 años  ;Hombres;14.307
39 Cantabria;De 10 a 14 años  ;Mujeres;13.134
39 Cantabria;De 15 a 19 años  ;Hombres;12.935
39 Cantabria;De 15 a 19 años  ;Mujeres;12.276
39 Cantabria;De 20 a 24 años;Hombres;11.374
39 Cantabria;De 20 a 24 años;Mujeres;10.624
39 Cantabria;De 25 a 29 años;Hombres;11.451
39 Cantabria;De 25 a 29 años;Mujeres;10.627
39 Cantabria;De 30 a 34 años;Hombres;13.023
39 Cantabria;De 30 a 34 años;Mujeres;12.724
39 Cantabria;De 35 a 39 años;Hombres;17.560
39 Cantabria;De 35 a 39 años;Mujeres;17.021
39 Cantabria;De 40 a 44 años;Hombres;22.818
39 Cantabria;De 40 a 44 años;Mujeres;22.474
39 Cantabria;De 45 a 49 años;Hombres;22.645
39 Cantabria;De 45 a 49 años;Mujeres;22.398
39 Cantabria;De 50 a 54 años;Hombres;21.949
39 Cantabria;De 50 a 54 años;Mujeres;21.893
39 Cantabria;De 55 a 59 años;Hombres;20.868
39 Cantabria;De 55 a 59 años;Mujeres;21.472
39 Cantabria;De 60 a 64 años;Hombres;20.210
39 Cantabria;De 60 a 64 años;Mujeres;21.131
39 Cantabria;De 65 a 69 años;Hombres;16.647
39 Cantabria;De 65 a 69 años;Mujeres;18.236
39 Cantabria;De 70 a 74 años  ;Hombres;14.292
39 Cantabria;De 70 a 74 años  ;Mujeres;16.376
39 Cantabria;De 75 a 79 años  ;Hombres;9.884
39 Cantabria;De 75 a 79 años  ;Mujeres;12.547
39 Cantabria;De 80 a 84 años  ;Hombres;6.768
39 Cantabria;De 80 a 84 años  ;Mujeres;10.229
39 Cantabria;De 85 a 89 años  ;Hombres;5.158
39 Cantabria;De 85 a 89 años  ;Mujeres;9.459
39 Cantabria;90 y más años;Hombres;2.453
39 Cantabria;90 y más años;Mujeres;6.627
12 Castellón/Castelló;De 0 a 4 años;Hombres;10.140
12 Castellón/Castelló;De 0 a 4 años;Mujeres;9.454
12 Castellón/Castelló;De 5 a 9 años;Hombres;12.387
12 Castellón/Castelló;De 5 a 9 años;Mujeres;11.550
12 Castellón/Castelló;De 10 a 14 años  ;Hombres;13.829
12 Castellón/Castelló;De 10 a 14 años  ;Mujeres;13.031
12 Castellón/Castelló;De 15 a 19 años  ;Hombres;12.946
12 Castellón/Castelló;De 15 a 19 años  ;Mujeres;12.341
12 Castellón/Castelló;De 20 a 24 años;Hombres;12.003
12 Castellón/Castelló;De 20 a 24 años;Mujeres;11.428
12 Castellón/Castelló;De 25 a 29 años;Hombres;11.893
12 Castellón/Castelló;De 25 a 29 años;Mujeres;11.062
12 Castellón/Castelló;De 30 a 34 años;Hombres;12.577
12 Castellón/Castelló;De 30 a 34 años;Mujeres;11.724
12 Castellón/Castelló;De 35 a 39 años;Hombres;15.821
12 Castellón/Castelló;De 35 a 39 años;Mujeres;14.749
12 Castellón/Castelló;De 40 a 44 años;Hombres;20.662
12 Castellón/Castelló;De 40 a 44 años;Mujeres;19.602
12 Castellón/Castelló;De 45 a 49 años;Hombres;20.808
12 Castellón/Castelló;De 45 a 49 años;Mujeres;19.594
12 Castellón/Castelló;De 50 a 54 años;Hombres;20.134
12 Castellón/Castelló;De 50 a 54 años;Mujeres;19.371
12 Castellón/Castelló;De 55 a 59 años;Hombres;18.380
12 Castellón/Castelló;De 55 a 59 años;Mujeres;18.303
12 Castellón/Castelló;De 60 a 64 años;Hombres;16.197
12 Castellón/Castelló;De 60 a 64 años;Mujeres;16.325
12 Castellón/Castelló;De 65 a 69 años;Hombres;13.411
12 Castellón/Castelló;De 65 a 69 años;Mujeres;14.436
12 Castellón/Castelló;De 70 a 74 años  ;Hombres;12.362
12 Castellón/Castelló;De 70 a 74 años  ;Mujeres;13.596
12 Castellón/Castelló;De 75 a 79 años  ;Hombres;9.496
12 Castellón/Castelló;De 75 a 79 años  ;Mujeres;11.657
12 Castellón/Castelló;De 80 a 84 años  ;Hombres;6.304
12 Castellón/Castelló;De 80 a 84 años  ;Mujeres;8.723
12 Castellón/Castelló;De 85 a 89 años  ;Hombres;4.558
12 Castellón/Castelló;De 85 a 89 años  ;Mujeres;7.180
12 Castellón/Castelló;90 y más años;Hombres;2.017
12 Castellón/Castelló;90 y más años;Mujeres;4.426
13 Ciudad Real;De 0 a 4 años;Hombres;9.120
13 Ciudad Real;De 0 a 4 años;Mujeres;8.513
13 Ciudad Real;De 5 a 9 años;Hombres;11.014
13 Ciudad Real;De 5 a 9 años;Mujeres;10.580
13 Ciudad Real;De 10 a 14 años  ;Hombres;12.601
13 Ciudad Real;De 10 a 14 años  ;Mujeres;11.941
13 Ciudad Real;De 15 a 19 años  ;Hombres;12.057
13 Ciudad Real;De 15 a 19 años  ;Mujeres;11.060
13 Ciudad Real;De 20 a 24 años;Hombres;12.280
13 Ciudad Real;De 20 a 24 años;Mujeres;11.658
13 Ciudad Real;De 25 a 29 años;Hombres;13.345
13 Ciudad Real;De 25 a 29 años;Mujeres;12.133
13 Ciudad Real;De 30 a 34 años;Hombres;13.250
13 Ciudad Real;De 30 a 34 años;Mujeres;12.370
13 Ciudad Real;De 35 a 39 años;Hombres;15.076
13 Ciudad Real;De 35 a 39 años;Mujeres;13.717
13 Ciudad Real;De 40 a 44 años;Hombres;17.115
13 Ciudad Real;De 40 a 44 años;Mujeres;16.253
13 Ciudad Real;De 45 a 49 años;Hombres;17.303
13 Ciudad Real;De 45 a 49 años;Mujeres;17.171
13 Ciudad Real;De 50 a 54 años;Hombres;18.380
13 Ciudad Real;De 50 a 54 años;Mujeres;18.121
13 Ciudad Real;De 55 a 59 años;Hombres;18.473
13 Ciudad Real;De 55 a 59 años;Mujeres;18.134
13 Ciudad Real;De 60 a 64 años;Hombres;15.520
13 Ciudad Real;De 60 a 64 años;Mujeres;15.765
13 Ciudad Real;De 65 a 69 años;Hombres;11.788
13 Ciudad Real;De 65 a 69 años;Mujeres;12.402
13 Ciudad Real;De 70 a 74 años  ;Hombres;10.203
13 Ciudad Real;De 70 a 74 años  ;Mujeres;11.942
13 Ciudad Real;De 75 a 79 años  ;Hombres;7.985
13 Ciudad Real;De 75 a 79 años  ;Mujeres;10.326
13 Ciudad Real;De 80 a 84 años  ;Hombres;5.805
13 Ciudad Real;De 80 a 84 años  ;Mujeres;9.104
13 Ciudad Real;De 85 a 89 años  ;Hombres;4.544
13 Ciudad Real;De 85 a 89 años  ;Mujeres;7.402
13 Ciudad Real;90 y más años;Hombres;2.263
13 Ciudad Real;90 y más años;Mujeres;4.338
14 Córdoba;De 0 a 4 años;Hombres;15.855
14 Córdoba;De 0 a 4 años;Mujeres;15.052
14 Córdoba;De 5 a 9 años;Hombres;18.632
14 Córdoba;De 5 a 9 años;Mujeres;17.645
14 Córdoba;De 10 a 14 años  ;Hombres;21.273
14 Córdoba;De 10 a 14 años  ;Mujeres;19.864
14 Córdoba;De 15 a 19 años  ;Hombres;20.701
14 Córdoba;De 15 a 19 años  ;Mujeres;19.788
14 Córdoba;De 20 a 24 años;Hombres;20.709
14 Córdoba;De 20 a 24 años;Mujeres;19.279
14 Córdoba;De 25 a 29 años;Hombres;22.035
14 Córdoba;De 25 a 29 años;Mujeres;20.644
14 Córdoba;De 30 a 34 años;Hombres;22.503
14 Córdoba;De 30 a 34 años;Mujeres;21.211
14 Córdoba;De 35 a 39 años;Hombres;24.665
14 Córdoba;De 35 a 39 años;Mujeres;23.735
14 Córdoba;De 40 a 44 años;Hombres;28.307
14 Córdoba;De 40 a 44 años;Mujeres;27.618
14 Córdoba;De 45 a 49 años;Hombres;28.288
14 Córdoba;De 45 a 49 años;Mujeres;28.364
14 Córdoba;De 50 a 54 años;Hombres;29.655
14 Córdoba;De 50 a 54 años;Mujeres;30.147
14 Córdoba;De 55 a 59 años;Hombres;28.997
14 Córdoba;De 55 a 59 años;Mujeres;29.788
14 Córdoba;De 60 a 64 años;Hombres;24.779
14 Córdoba;De 60 a 64 años;Mujeres;25.755
14 Córdoba;De 65 a 69 años;Hombres;18.935
14 Córdoba;De 65 a 69 años;Mujeres;20.266
14 Córdoba;De 70 a 74 años  ;Hombres;15.484
14 Córdoba;De 70 a 74 años  ;Mujeres;18.496
14 Córdoba;De 75 a 79 años  ;Hombres;12.581
14 Córdoba;De 75 a 79 años  ;Mujeres;16.562
14 Córdoba;De 80 a 84 años  ;Hombres;8.803
14 Córdoba;De 80 a 84 años  ;Mujeres;13.639
14 Córdoba;De 85 a 89 años  ;Hombres;6.279
14 Córdoba;De 85 a 89 años  ;Mujeres;11.112
14 Córdoba;90 y más años;Hombres;2.903
14 Córdoba;90 y más años;Mujeres;6.518
15 Coruña, A;De 0 a 4 años;Hombres;18.702
15 Coruña, A;De 0 a 4 años;Mujeres;17.722
15 Coruña, A;De 5 a 9 años;Hombres;22.730
15 Coruña, A;De 5 a 9 años;Mujeres;21.079
15 Coruña, A;De 10 a 14 años  ;Hombres;24.521
15 Coruña, A;De 10 a 14 años  ;Mujeres;23.059
15 Coruña, A;De 15 a 19 años  ;Hombres;22.626
15 Coruña, A;De 15 a 19 años  ;Mujeres;21.490
15 Coruña, A;De 20 a 24 años;Hombres;21.382
15 Coruña, A;De 20 a 24 años;Mujeres;20.153
15 Coruña, A;De 25 a 29 años;Hombres;22.583
15 Coruña, A;De 25 a 29 años;Mujeres;21.769
15 Coruña, A;De 30 a 34 años;Hombres;26.151
15 Coruña, A;De 30 a 34 años;Mujeres;25.635
15 Coruña, A;De 35 a 39 años;Hombres;34.824
15 Coruña, A;De 35 a 39 años;Mujeres;34.684
15 Coruña, A;De 40 a 44 años;Hombres;44.455
15 Coruña, A;De 40 a 44 años;Mujeres;44.724
15 Coruña, A;De 45 a 49 años;Hombres;44.345
15 Coruña, A;De 45 a 49 años;Mujeres;45.147
15 Coruña, A;De 50 a 54 años;Hombres;41.323
15 Coruña, A;De 50 a 54 años;Mujeres;43.846
15 Coruña, A;De 55 a 59 años;Hombres;39.058
15 Coruña, A;De 55 a 59 años;Mujeres;41.334
15 Coruña, A;De 60 a 64 años;Hombres;36.301
15 Coruña, A;De 60 a 64 años;Mujeres;39.446
15 Coruña, A;De 65 a 69 años;Hombres;31.751
15 Coruña, A;De 65 a 69 años;Mujeres;35.438
15 Coruña, A;De 70 a 74 años  ;Hombres;29.680
15 Coruña, A;De 70 a 74 años  ;Mujeres;35.367
15 Coruña, A;De 75 a 79 años  ;Hombres;23.708
15 Coruña, A;De 75 a 79 años  ;Mujeres;30.219
15 Coruña, A;De 80 a 84 años  ;Hombres;16.199
15 Coruña, A;De 80 a 84 años  ;Mujeres;24.027
15 Coruña, A;De 85 a 89 años  ;Hombres;11.779
15 Coruña, A;De 85 a 89 años  ;Mujeres;21.249
15 Coruña, A;90 y más años;Hombres;5.159
15 Coruña, A;90 y más años;Mujeres;13.016
16 Cuenca;De 0 a 4 años;Hombres;2.858
16 Cuenca;De 0 a 4 años;Mujeres;2.735
16 Cuenca;De 5 a 9 años;Hombres;3.454
16 Cuenca;De 5 a 9 años;Mujeres;3.294
16 Cuenca;De 10 a 14 años  ;Hombres;4.045
16 Cuenca;De 10 a 14 años  ;Mujeres;3.916
16 Cuenca;De 15 a 19 años  ;Hombres;4.251
16 Cuenca;De 15 a 19 años  ;Mujeres;4.097
16 Cuenca;De 20 a 24 años;Hombres;4.277
16 Cuenca;De 20 a 24 años;Mujeres;4.069
16 Cuenca;De 25 a 29 años;Hombres;4.492
16 Cuenca;De 25 a 29 años;Mujeres;4.092
16 Cuenca;De 30 a 34 años;Hombres;4.585
16 Cuenca;De 30 a 34 años;Mujeres;4.004
16 Cuenca;De 35 a 39 años;Hombres;4.956
16 Cuenca;De 35 a 39 años;Mujeres;4.445
16 Cuenca;De 40 a 44 años;Hombres;5.952
16 Cuenca;De 40 a 44 años;Mujeres;5.410
16 Cuenca;De 45 a 49 años;Hombres;6.291
16 Cuenca;De 45 a 49 años;Mujeres;5.948
16 Cuenca;De 50 a 54 años;Hombres;7.220
16 Cuenca;De 50 a 54 años;Mujeres;6.734
16 Cuenca;De 55 a 59 años;Hombres;7.601
16 Cuenca;De 55 a 59 años;Mujeres;7.000
16 Cuenca;De 60 a 64 años;Hombres;6.499
16 Cuenca;De 60 a 64 años;Mujeres;5.893
16 Cuenca;De 65 a 69 años;Hombres;4.837
16 Cuenca;De 65 a 69 años;Mujeres;4.718
16 Cuenca;De 70 a 74 años  ;Hombres;4.290
16 Cuenca;De 70 a 74 años  ;Mujeres;4.552
16 Cuenca;De 75 a 79 años  ;Hombres;3.719
16 Cuenca;De 75 a 79 años  ;Mujeres;4.599
16 Cuenca;De 80 a 84 años  ;Hombres;3.143
16 Cuenca;De 80 a 84 años  ;Mujeres;4.205
16 Cuenca;De 85 a 89 años  ;Hombres;2.588
16 Cuenca;De 85 a 89 años  ;Mujeres;3.641
16 Cuenca;90 y más años;Hombres;1.275
16 Cuenca;90 y más años;Mujeres;2.294
20 Gipuzkoa;De 0 a 4 años;Hombres;12.616
20 Gipuzkoa;De 0 a 4 años;Mujeres;12.078
20 Gipuzkoa;De 5 a 9 años;Hombres;16.403
20 Gipuzkoa;De 5 a 9 años;Mujeres;15.626
20 Gipuzkoa;De 10 a 14 años  ;Hombres;18.091
20 Gipuzkoa;De 10 a 14 años  ;Mujeres;17.107
20 Gipuzkoa;De 15 a 19 años  ;Hombres;17.061
20 Gipuzkoa;De 15 a 19 años  ;Mujeres;16.269
20 Gipuzkoa;De 20 a 24 años;Hombres;15.522
20 Gipuzkoa;De 20 a 24 años;Mujeres;14.519
20 Gipuzkoa;De 25 a 29 años;Hombres;14.044
20 Gipuzkoa;De 25 a 29 años;Mujeres;13.059
20 Gipuzkoa;De 30 a 34 años;Hombres;14.635
20 Gipuzkoa;De 30 a 34 años;Mujeres;14.145
20 Gipuzkoa;De 35 a 39 años;Hombres;18.537
20 Gipuzkoa;De 35 a 39 años;Mujeres;18.258
20 Gipuzkoa;De 40 a 44 años;Hombres;25.697
20 Gipuzkoa;De 40 a 44 años;Mujeres;25.031
20 Gipuzkoa;De 45 a 49 años;Hombres;28.142
20 Gipuzkoa;De 45 a 49 años;Mujeres;26.762
20 Gipuzkoa;De 50 a 54 años;Hombres;26.539
20 Gipuzkoa;De 50 a 54 años;Mujeres;26.065
20 Gipuzkoa;De 55 a 59 años;Hombres;25.256
20 Gipuzkoa;De 55 a 59 años;Mujeres;26.031
20 Gipuzkoa;De 60 a 64 años;Hombres;23.228
20 Gipuzkoa;De 60 a 64 años;Mujeres;24.183
20 Gipuzkoa;De 65 a 69 años;Hombres;19.618
20 Gipuzkoa;De 65 a 69 años;Mujeres;21.585
20 Gipuzkoa;De 70 a 74 años  ;Hombres;18.576
20 Gipuzkoa;De 70 a 74 años  ;Mujeres;21.115
20 Gipuzkoa;De 75 a 79 años  ;Hombres;13.665
20 Gipuzkoa;De 75 a 79 años  ;Mujeres;17.159
20 Gipuzkoa;De 80 a 84 años  ;Hombres;9.076
20 Gipuzkoa;De 80 a 84 años  ;Mujeres;13.279
20 Gipuzkoa;De 85 a 89 años  ;Hombres;6.251
20 Gipuzkoa;De 85 a 89 años  ;Mujeres;11.640
20 Gipuzkoa;90 y más años;Hombres;2.607
20 Gipuzkoa;90 y más años;Mujeres;7.648
17 Girona;De 0 a 4 años;Hombres;13.349
17 Girona;De 0 a 4 años;Mujeres;12.657
17 Girona;De 5 a 9 años;Hombres;16.999
17 Girona;De 5 a 9 años;Mujeres;15.785
17 Girona;De 10 a 14 años  ;Hombres;18.606
17 Girona;De 10 a 14 años  ;Mujeres;17.229
17 Girona;De 15 a 19 años  ;Hombres;17.002
17 Girona;De 15 a 19 años  ;Mujeres;16.035
17 Girona;De 20 a 24 años;Hombres;15.386
17 Girona;De 20 a 24 años;Mujeres;14.193
17 Girona;De 25 a 29 años;Hombres;14.902
17 Girona;De 25 a 29 años;Mujeres;13.799
17 Girona;De 30 a 34 años;Hombres;15.294
17 Girona;De 30 a 34 años;Mujeres;14.798
17 Girona;De 35 a 39 años;Hombres;18.604
17 Girona;De 35 a 39 años;Mujeres;18.510
17 Girona;De 40 a 44 años;Hombres;25.161
17 Girona;De 40 a 44 años;Mujeres;24.348
17 Girona;De 45 a 49 años;Hombres;25.838
17 Girona;De 45 a 49 años;Mujeres;24.559
17 Girona;De 50 a 54 años;Hombres;24.327
17 Girona;De 50 a 54 años;Mujeres;23.597
17 Girona;De 55 a 59 años;Hombres;23.254
17 Girona;De 55 a 59 años;Mujeres;22.794
17 Girona;De 60 a 64 años;Hombres;20.504
17 Girona;De 60 a 64 años;Mujeres;21.004
17 Girona;De 65 a 69 años;Hombres;17.561
17 Girona;De 65 a 69 años;Mujeres;18.012
17 Girona;De 70 a 74 años  ;Hombres;15.004
17 Girona;De 70 a 74 años  ;Mujeres;16.249
17 Girona;De 75 a 79 años  ;Hombres;10.970
17 Girona;De 75 a 79 años  ;Mujeres;12.897
17 Girona;De 80 a 84 años  ;Hombres;7.117
17 Girona;De 80 a 84 años  ;Mujeres;9.904
17 Girona;De 85 a 89 años  ;Hombres;5.266
17 Girona;De 85 a 89 años  ;Mujeres;9.014
17 Girona;90 y más años;Hombres;2.545
17 Girona;90 y más años;Mujeres;6.144
18 Granada;De 0 a 4 años;Hombres;18.968
18 Granada;De 0 a 4 años;Mujeres;17.909
18 Granada;De 5 a 9 años;Hombres;21.993
18 Granada;De 5 a 9 años;Mujeres;20.365
18 Granada;De 10 a 14 años  ;Hombres;25.889
18 Granada;De 10 a 14 años  ;Mujeres;24.199
18 Granada;De 15 a 19 años  ;Hombres;24.867
18 Granada;De 15 a 19 años  ;Mujeres;23.096
18 Granada;De 20 a 24 años;Hombres;24.009
18 Granada;De 20 a 24 años;Mujeres;22.401
18 Granada;De 25 a 29 años;Hombres;24.245
18 Granada;De 25 a 29 años;Mujeres;23.021
18 Granada;De 30 a 34 años;Hombres;25.092
18 Granada;De 30 a 34 años;Mujeres;24.179
18 Granada;De 35 a 39 años;Hombres;28.341
18 Granada;De 35 a 39 años;Mujeres;27.714
18 Granada;De 40 a 44 años;Hombres;33.283
18 Granada;De 40 a 44 años;Mujeres;32.184
18 Granada;De 45 a 49 años;Hombres;33.044
18 Granada;De 45 a 49 años;Mujeres;32.641
18 Granada;De 50 a 54 años;Hombres;33.490
18 Granada;De 50 a 54 años;Mujeres;33.789
18 Granada;De 55 a 59 años;Hombres;31.618
18 Granada;De 55 a 59 años;Mujeres;32.617
18 Granada;De 60 a 64 años;Hombres;27.226
18 Granada;De 60 a 64 años;Mujeres;28.345
18 Granada;De 65 a 69 años;Hombres;20.680
18 Granada;De 65 a 69 años;Mujeres;22.389
18 Granada;De 70 a 74 años  ;Hombres;17.357
18 Granada;De 70 a 74 años  ;Mujeres;20.354
18 Granada;De 75 a 79 años  ;Hombres;13.538
18 Granada;De 75 a 79 años  ;Mujeres;17.248
18 Granada;De 80 a 84 años  ;Hombres;9.418
18 Granada;De 80 a 84 años  ;Mujeres;13.984
18 Granada;De 85 a 89 años  ;Hombres;6.609
18 Granada;De 85 a 89 años  ;Mujeres;10.846
18 Granada;90 y más años;Hombres;2.804
18 Granada;90 y más años;Mujeres;5.936
19 Guadalajara;De 0 a 4 años;Hombres;4.833
19 Guadalajara;De 0 a 4 años;Mujeres;4.655
19 Guadalajara;De 5 a 9 años;Hombres;6.243
19 Guadalajara;De 5 a 9 años;Mujeres;6.088
19 Guadalajara;De 10 a 14 años  ;Hombres;7.161
19 Guadalajara;De 10 a 14 años  ;Mujeres;6.623
19 Guadalajara;De 15 a 19 años  ;Hombres;6.448
19 Guadalajara;De 15 a 19 años  ;Mujeres;6.049
19 Guadalajara;De 20 a 24 años;Hombres;5.410
19 Guadalajara;De 20 a 24 años;Mujeres;5.149
19 Guadalajara;De 25 a 29 años;Hombres;5.304
19 Guadalajara;De 25 a 29 años;Mujeres;4.874
19 Guadalajara;De 30 a 34 años;Hombres;5.977
19 Guadalajara;De 30 a 34 años;Mujeres;5.384
19 Guadalajara;De 35 a 39 años;Hombres;7.592
19 Guadalajara;De 35 a 39 años;Mujeres;7.354
19 Guadalajara;De 40 a 44 años;Hombres;10.109
19 Guadalajara;De 40 a 44 años;Mujeres;9.680
19 Guadalajara;De 45 a 49 años;Hombres;10.317
19 Guadalajara;De 45 a 49 años;Mujeres;9.423
19 Guadalajara;De 50 a 54 años;Hombres;9.574
19 Guadalajara;De 50 a 54 años;Mujeres;8.754
19 Guadalajara;De 55 a 59 años;Hombres;8.745
19 Guadalajara;De 55 a 59 años;Mujeres;7.957
19 Guadalajara;De 60 a 64 años;Hombres;7.267
19 Guadalajara;De 60 a 64 años;Mujeres;6.661
19 Guadalajara;De 65 a 69 años;Hombres;5.392
19 Guadalajara;De 65 a 69 años;Mujeres;5.172
19 Guadalajara;De 70 a 74 años  ;Hombres;4.507
19 Guadalajara;De 70 a 74 años  ;Mujeres;4.461
19 Guadalajara;De 75 a 79 años  ;Hombres;3.367
19 Guadalajara;De 75 a 79 años  ;Mujeres;3.557
19 Guadalajara;De 80 a 84 años  ;Hombres;2.324
19 Guadalajara;De 80 a 84 años  ;Mujeres;3.147
19 Guadalajara;De 85 a 89 años  ;Hombres;2.037
19 Guadalajara;De 85 a 89 años  ;Mujeres;2.967
19 Guadalajara;90 y más años;Hombres;1.191
19 Guadalajara;90 y más años;Mujeres;2.337
21 Huelva;De 0 a 4 años;Hombres;10.414
21 Huelva;De 0 a 4 años;Mujeres;9.911
21 Huelva;De 5 a 9 años;Hombres;12.830
21 Huelva;De 5 a 9 años;Mujeres;12.188
21 Huelva;De 10 a 14 años  ;Hombres;14.923
21 Huelva;De 10 a 14 años  ;Mujeres;13.994
21 Huelva;De 15 a 19 años  ;Hombres;13.505
21 Huelva;De 15 a 19 años  ;Mujeres;12.842
21 Huelva;De 20 a 24 años;Hombres;12.594
21 Huelva;De 20 a 24 años;Mujeres;11.990
21 Huelva;De 25 a 29 años;Hombres;13.210
21 Huelva;De 25 a 29 años;Mujeres;12.360
21 Huelva;De 30 a 34 años;Hombres;13.942
21 Huelva;De 30 a 34 años;Mujeres;13.588
21 Huelva;De 35 a 39 años;Hombres;16.342
21 Huelva;De 35 a 39 años;Mujeres;16.163
21 Huelva;De 40 a 44 años;Hombres;19.990
21 Huelva;De 40 a 44 años;Mujeres;19.052
21 Huelva;De 45 a 49 años;Hombres;19.740
21 Huelva;De 45 a 49 años;Mujeres;19.130
21 Huelva;De 50 a 54 años;Hombres;19.115
21 Huelva;De 50 a 54 años;Mujeres;18.656
21 Huelva;De 55 a 59 años;Hombres;16.970
21 Huelva;De 55 a 59 años;Mujeres;17.198
21 Huelva;De 60 a 64 años;Hombres;14.737
21 Huelva;De 60 a 64 años;Mujeres;15.056
21 Huelva;De 65 a 69 años;Hombres;11.673
21 Huelva;De 65 a 69 años;Mujeres;12.117
21 Huelva;De 70 a 74 años  ;Hombres;10.194
21 Huelva;De 70 a 74 años  ;Mujeres;11.303
21 Huelva;De 75 a 79 años  ;Hombres;7.588
21 Huelva;De 75 a 79 años  ;Mujeres;9.381
21 Huelva;De 80 a 84 años  ;Hombres;4.762
21 Huelva;De 80 a 84 años  ;Mujeres;7.248
21 Huelva;De 85 a 89 años  ;Hombres;3.054
21 Huelva;De 85 a 89 años  ;Mujeres;5.584
21 Huelva;90 y más años;Hombres;1.131
21 Huelva;90 y más años;Mujeres;2.804
22 Huesca;De 0 a 4 años;Hombres;3.639
22 Huesca;De 0 a 4 años;Mujeres;3.419
22 Huesca;De 5 a 9 años;Hombres;4.289
22 Huesca;De 5 a 9 años;Mujeres;4.265
22 Huesca;De 10 a 14 años  ;Hombres;5.006
22 Huesca;De 10 a 14 años  ;Mujeres;4.640
22 Huesca;De 15 a 19 años  ;Hombres;4.600
22 Huesca;De 15 a 19 años  ;Mujeres;4.364
22 Huesca;De 20 a 24 años;Hombres;4.453
22 Huesca;De 20 a 24 años;Mujeres;4.121
22 Huesca;De 25 a 29 años;Hombres;4.368
22 Huesca;De 25 a 29 años;Mujeres;3.876
22 Huesca;De 30 a 34 años;Hombres;4.817
22 Huesca;De 30 a 34 años;Mujeres;4.202
22 Huesca;De 35 a 39 años;Hombres;5.755
22 Huesca;De 35 a 39 años;Mujeres;5.126
22 Huesca;De 40 a 44 años;Hombres;7.399
22 Huesca;De 40 a 44 años;Mujeres;6.706
22 Huesca;De 45 a 49 años;Hombres;7.557
22 Huesca;De 45 a 49 años;Mujeres;6.996
22 Huesca;De 50 a 54 años;Hombres;7.664
22 Huesca;De 50 a 54 años;Mujeres;7.236
22 Huesca;De 55 a 59 años;Hombres;7.943
22 Huesca;De 55 a 59 años;Mujeres;7.416
22 Huesca;De 60 a 64 años;Hombres;7.235
22 Huesca;De 60 a 64 años;Mujeres;6.896
22 Huesca;De 65 a 69 años;Hombres;5.900
22 Huesca;De 65 a 69 años;Mujeres;5.819
22 Huesca;De 70 a 74 años  ;Hombres;5.313
22 Huesca;De 70 a 74 años  ;Mujeres;5.381
22 Huesca;De 75 a 79 años  ;Hombres;3.952
22 Huesca;De 75 a 79 años  ;Mujeres;4.688
22 Huesca;De 80 a 84 años  ;Hombres;3.079
22 Huesca;De 80 a 84 años  ;Mujeres;4.043
22 Huesca;De 85 a 89 años  ;Hombres;2.603
22 Huesca;De 85 a 89 años  ;Mujeres;3.937
22 Huesca;90 y más años;Hombres;1.434
22 Huesca;90 y más años;Mujeres;3.000
23 Jaén;De 0 a 4 años;Hombres;12.410
23 Jaén;De 0 a 4 años;Mujeres;11.672
23 Jaén;De 5 a 9 años;Hombres;14.294
23 Jaén;De 5 a 9 años;Mujeres;13.572
23 Jaén;De 10 a 14 años  ;Hombres;16.648
23 Jaén;De 10 a 14 años  ;Mujeres;15.655
23 Jaén;De 15 a 19 años  ;Hombres;17.045
23 Jaén;De 15 a 19 años  ;Mujeres;15.991
23 Jaén;De 20 a 24 años;Hombres;18.015
23 Jaén;De 20 a 24 años;Mujeres;16.682
23 Jaén;De 25 a 29 años;Hombres;19.292
23 Jaén;De 25 a 29 años;Mujeres;17.713
23 Jaén;De 30 a 34 años;Hombres;18.635
23 Jaén;De 30 a 34 años;Mujeres;17.237
23 Jaén;De 35 a 39 años;Hombres;19.634
23 Jaén;De 35 a 39 años;Mujeres;18.447
23 Jaén;De 40 a 44 años;Hombres;22.144
23 Jaén;De 40 a 44 años;Mujeres;20.906
23 Jaén;De 45 a 49 años;Hombres;23.052
23 Jaén;De 45 a 49 años;Mujeres;22.021
23 Jaén;De 50 a 54 años;Hombres;24.372
23 Jaén;De 50 a 54 años;Mujeres;24.310
23 Jaén;De 55 a 59 años;Hombres;24.568
23 Jaén;De 55 a 59 años;Mujeres;24.580
23 Jaén;De 60 a 64 años;Hombres;20.741
23 Jaén;De 60 a 64 años;Mujeres;20.659
23 Jaén;De 65 a 69 años;Hombres;15.132
23 Jaén;De 65 a 69 años;Mujeres;15.818
23 Jaén;De 70 a 74 años  ;Hombres;12.218
23 Jaén;De 70 a 74 años  ;Mujeres;14.297
23 Jaén;De 75 a 79 años  ;Hombres;9.600
23 Jaén;De 75 a 79 años  ;Mujeres;13.210
23 Jaén;De 80 a 84 años  ;Hombres;7.566
23 Jaén;De 80 a 84 años  ;Mujeres;11.506
23 Jaén;De 85 a 89 años  ;Hombres;5.595
23 Jaén;De 85 a 89 años  ;Mujeres;9.115
23 Jaén;90 y más años;Hombres;2.487
23 Jaén;90 y más años;Mujeres;4.805
24 León;De 0 a 4 años;Hombres;6.372
24 León;De 0 a 4 años;Mujeres;6.010
24 León;De 5 a 9 años;Hombres;7.945
24 León;De 5 a 9 años;Mujeres;7.350
24 León;De 10 a 14 años  ;Hombres;8.710
24 León;De 10 a 14 años  ;Mujeres;8.291
24 León;De 15 a 19 años  ;Hombres;8.676
24 León;De 15 a 19 años  ;Mujeres;8.358
24 León;De 20 a 24 años;Hombres;8.699
24 León;De 20 a 24 años;Mujeres;8.068
24 León;De 25 a 29 años;Hombres;9.021
24 León;De 25 a 29 años;Mujeres;8.119
24 León;De 30 a 34 años;Hombres;10.245
24 León;De 30 a 34 años;Mujeres;9.540
24 León;De 35 a 39 años;Hombres;12.975
24 León;De 35 a 39 años;Mujeres;12.367
24 León;De 40 a 44 años;Hombres;15.280
24 León;De 40 a 44 años;Mujeres;15.108
24 León;De 45 a 49 años;Hombres;16.328
24 León;De 45 a 49 años;Mujeres;16.091
24 León;De 50 a 54 años;Hombres;17.198
24 León;De 50 a 54 años;Mujeres;17.331
24 León;De 55 a 59 años;Hombres;18.120
24 León;De 55 a 59 años;Mujeres;18.423
24 León;De 60 a 64 años;Hombres;17.455
24 León;De 60 a 64 años;Mujeres;17.181
24 León;De 65 a 69 años;Hombres;14.184
24 León;De 65 a 69 años;Mujeres;14.308
24 León;De 70 a 74 años  ;Hombres;12.082
24 León;De 70 a 74 años  ;Mujeres;13.525
24 León;De 75 a 79 años  ;Hombres;9.793
24 León;De 75 a 79 años  ;Mujeres;12.170
24 León;De 80 a 84 años  ;Hombres;7.564
24 León;De 80 a 84 años  ;Mujeres;11.238
24 León;De 85 a 89 años  ;Hombres;6.425
24 León;De 85 a 89 años  ;Mujeres;10.952
24 León;90 y más años;Hombres;3.363
24 León;90 y más años;Mujeres;7.577
25 Lleida;De 0 a 4 años;Hombres;6.961
25 Lleida;De 0 a 4 años;Mujeres;6.745
25 Lleida;De 5 a 9 años;Hombres;9.017
25 Lleida;De 5 a 9 años;Mujeres;8.553
25 Lleida;De 10 a 14 años  ;Hombres;10.137
25 Lleida;De 10 a 14 años  ;Mujeres;9.441
25 Lleida;De 15 a 19 años  ;Hombres;9.190
25 Lleida;De 15 a 19 años  ;Mujeres;8.578
25 Lleida;De 20 a 24 años;Hombres;8.556
25 Lleida;De 20 a 24 años;Mujeres;8.017
25 Lleida;De 25 a 29 años;Hombres;8.260
25 Lleida;De 25 a 29 años;Mujeres;7.694
25 Lleida;De 30 a 34 años;Hombres;8.532
25 Lleida;De 30 a 34 años;Mujeres;8.069
25 Lleida;De 35 a 39 años;Hombres;10.466
25 Lleida;De 35 a 39 años;Mujeres;9.786
25 Lleida;De 40 a 44 años;Hombres;13.840
25 Lleida;De 40 a 44 años;Mujeres;13.022
25 Lleida;De 45 a 49 años;Hombres;14.271
25 Lleida;De 45 a 49 años;Mujeres;13.344
25 Lleida;De 50 a 54 años;Hombres;14.236
25 Lleida;De 50 a 54 años;Mujeres;13.105
25 Lleida;De 55 a 59 años;Hombres;14.141
25 Lleida;De 55 a 59 años;Mujeres;13.776
25 Lleida;De 60 a 64 años;Hombres;12.571
25 Lleida;De 60 a 64 años;Mujeres;12.219
25 Lleida;De 65 a 69 años;Hombres;10.481
25 Lleida;De 65 a 69 años;Mujeres;10.524
25 Lleida;De 70 a 74 años  ;Hombres;8.952
25 Lleida;De 70 a 74 años  ;Mujeres;9.928
25 Lleida;De 75 a 79 años  ;Hombres;6.926
25 Lleida;De 75 a 79 años  ;Mujeres;8.380
25 Lleida;De 80 a 84 años  ;Hombres;4.714
25 Lleida;De 80 a 84 años  ;Mujeres;6.589
25 Lleida;De 85 a 89 años  ;Hombres;4.000
25 Lleida;De 85 a 89 años  ;Mujeres;6.435
25 Lleida;90 y más años;Hombres;2.101
25 Lleida;90 y más años;Mujeres;4.359
27 Lugo;De 0 a 4 años;Hombres;4.610
27 Lugo;De 0 a 4 años;Mujeres;4.469
27 Lugo;De 5 a 9 años;Hombres;5.345
27 Lugo;De 5 a 9 años;Mujeres;5.131
27 Lugo;De 10 a 14 años  ;Hombres;5.527
27 Lugo;De 10 a 14 años  ;Mujeres;5.316
27 Lugo;De 15 a 19 años  ;Hombres;5.431
27 Lugo;De 15 a 19 años  ;Mujeres;5.179
27 Lugo;De 20 a 24 años;Hombres;5.513
27 Lugo;De 20 a 24 años;Mujeres;5.258
27 Lugo;De 25 a 29 años;Hombres;6.369
27 Lugo;De 25 a 29 años;Mujeres;6.020
27 Lugo;De 30 a 34 años;Hombres;7.495
27 Lugo;De 30 a 34 años;Mujeres;7.192
27 Lugo;De 35 a 39 años;Hombres;9.406
27 Lugo;De 35 a 39 años;Mujeres;9.148
27 Lugo;De 40 a 44 años;Hombres;11.264
27 Lugo;De 40 a 44 años;Mujeres;11.231
27 Lugo;De 45 a 49 años;Hombres;11.303
27 Lugo;De 45 a 49 años;Mujeres;11.376
27 Lugo;De 50 a 54 años;Hombres;11.767
27 Lugo;De 50 a 54 años;Mujeres;12.215
27 Lugo;De 55 a 59 años;Hombres;12.177
27 Lugo;De 55 a 59 años;Mujeres;12.353
27 Lugo;De 60 a 64 años;Hombres;11.827
27 Lugo;De 60 a 64 años;Mujeres;11.678
27 Lugo;De 65 a 69 años;Hombres;10.399
27 Lugo;De 65 a 69 años;Mujeres;10.285
27 Lugo;De 70 a 74 años  ;Hombres;9.241
27 Lugo;De 70 a 74 años  ;Mujeres;10.051
27 Lugo;De 75 a 79 años  ;Hombres;7.949
27 Lugo;De 75 a 79 años  ;Mujeres;9.804
27 Lugo;De 80 a 84 años  ;Hombres;6.315
27 Lugo;De 80 a 84 años  ;Mujeres;8.848
27 Lugo;De 85 a 89 años  ;Hombres;5.193
27 Lugo;De 85 a 89 años  ;Mujeres;8.315
27 Lugo;90 y más años;Hombres;2.751
27 Lugo;90 y más años;Mujeres;5.662
28 Madrid;De 0 a 4 años;Hombres;130.588
28 Madrid;De 0 a 4 años;Mujeres;123.533
28 Madrid;De 5 a 9 años;Hombres;156.936
28 Madrid;De 5 a 9 años;Mujeres;148.334
28 Madrid;De 10 a 14 años  ;Hombres;170.677
28 Madrid;De 10 a 14 años  ;Mujeres;160.880
28 Madrid;De 15 a 19 años  ;Hombres;160.213
28 Madrid;De 15 a 19 años  ;Mujeres;152.080
28 Madrid;De 20 a 24 años;Hombres;142.036
28 Madrid;De 20 a 24 años;Mujeres;135.075
28 Madrid;De 25 a 29 años;Hombres;146.775
28 Madrid;De 25 a 29 años;Mujeres;143.780
28 Madrid;De 30 a 34 años;Hombres;160.358
28 Madrid;De 30 a 34 años;Mujeres;159.057
28 Madrid;De 35 a 39 años;Hombres;192.405
28 Madrid;De 35 a 39 años;Mujeres;195.338
28 Madrid;De 40 a 44 años;Hombres;239.689
28 Madrid;De 40 a 44 años;Mujeres;246.434
28 Madrid;De 45 a 49 años;Hombres;246.199
28 Madrid;De 45 a 49 años;Mujeres;253.907
28 Madrid;De 50 a 54 años;Hombres;223.726
28 Madrid;De 50 a 54 años;Mujeres;236.155
28 Madrid;De 55 a 59 años;Hombres;200.813
28 Madrid;De 55 a 59 años;Mujeres;219.761
28 Madrid;De 60 a 64 años;Hombres;168.779
28 Madrid;De 60 a 64 años;Mujeres;193.913
28 Madrid;De 65 a 69 años;Hombres;137.745
28 Madrid;De 65 a 69 años;Mujeres;166.139
28 Madrid;De 70 a 74 años  ;Hombres;125.794
28 Madrid;De 70 a 74 años  ;Mujeres;158.057
28 Madrid;De 75 a 79 años  ;Hombres;97.274
28 Madrid;De 75 a 79 años  ;Mujeres;128.675
28 Madrid;De 80 a 84 años  ;Hombres;62.960
28 Madrid;De 80 a 84 años  ;Mujeres;97.539
28 Madrid;De 85 a 89 años  ;Hombres;42.970
28 Madrid;De 85 a 89 años  ;Mujeres;79.016
28 Madrid;90 y más años;Hombres;20.394
28 Madrid;90 y más años;Mujeres;53.888
29 Málaga;De 0 a 4 años;Hombres;32.282
29 Málaga;De 0 a 4 años;Mujeres;30.452
29 Málaga;De 5 a 9 años;Hombres;39.288
29 Málaga;De 5 a 9 años;Mujeres;37.234
29 Málaga;De 10 a 14 años  ;Hombres;44.229
29 Málaga;De 10 a 14 años  ;Mujeres;41.544
29 Málaga;De 15 a 19 años  ;Hombres;41.078
29 Málaga;De 15 a 19 años  ;Mujeres;39.101
29 Málaga;De 20 a 24 años;Hombres;36.808
29 Málaga;De 20 a 24 años;Mujeres;35.204
29 Málaga;De 25 a 29 años;Hombres;37.158
29 Málaga;De 25 a 29 años;Mujeres;35.915
29 Málaga;De 30 a 34 años;Hombres;40.946
29 Málaga;De 30 a 34 años;Mujeres;40.404
29 Málaga;De 35 a 39 años;Hombres;49.816
29 Málaga;De 35 a 39 años;Mujeres;49.869
29 Málaga;De 40 a 44 años;Hombres;58.988
29 Málaga;De 40 a 44 años;Mujeres;58.269
29 Málaga;De 45 a 49 años;Hombres;58.935
29 Málaga;De 45 a 49 años;Mujeres;58.869
29 Málaga;De 50 a 54 años;Hombres;55.256
29 Málaga;De 50 a 54 años;Mujeres;56.610
29 Málaga;De 55 a 59 años;Hombres;50.001
29 Málaga;De 55 a 59 años;Mujeres;52.405
29 Málaga;De 60 a 64 años;Hombres;41.798
29 Málaga;De 60 a 64 años;Mujeres;44.931
29 Málaga;De 65 a 69 años;Hombres;33.469
29 Málaga;De 65 a 69 años;Mujeres;36.881
29 Málaga;De 70 a 74 años  ;Hombres;29.219
29 Málaga;De 70 a 74 años  ;Mujeres;33.382
29 Málaga;De 75 a 79 años  ;Hombres;21.380
29 Málaga;De 75 a 79 años  ;Mujeres;26.853
29 Málaga;De 80 a 84 años  ;Hombres;13.688
29 Málaga;De 80 a 84 años  ;Mujeres;20.288
29 Málaga;De 85 a 89 años  ;Hombres;7.797
29 Málaga;De 85 a 89 años  ;Mujeres;14.105
29 Málaga;90 y más años;Hombres;3.301
29 Málaga;90 y más años;Mujeres;7.684
30 Murcia;De 0 a 4 años;Hombres;31.535
30 Murcia;De 0 a 4 años;Mujeres;29.941
30 Murcia;De 5 a 9 años;Hombres;37.703
30 Murcia;De 5 a 9 años;Mujeres;35.118
30 Murcia;De 10 a 14 años  ;Hombres;41.790
30 Murcia;De 10 a 14 años  ;Mujeres;39.392
30 Murcia;De 15 a 19 años  ;Hombres;39.829
30 Murcia;De 15 a 19 años  ;Mujeres;37.536
30 Murcia;De 20 a 24 años;Hombres;35.661
30 Murcia;De 20 a 24 años;Mujeres;33.823
30 Murcia;De 25 a 29 años;Hombres;35.547
30 Murcia;De 25 a 29 años;Mujeres;33.622
30 Murcia;De 30 a 34 años;Hombres;37.277
30 Murcia;De 30 a 34 años;Mujeres;35.659
30 Murcia;De 35 a 39 años;Hombres;44.049
30 Murcia;De 35 a 39 años;Mujeres;43.202
30 Murcia;De 40 a 44 años;Hombres;53.919
30 Murcia;De 40 a 44 años;Mujeres;51.731
30 Murcia;De 45 a 49 años;Hombres;52.977
30 Murcia;De 45 a 49 años;Mujeres;51.647
30 Murcia;De 50 a 54 años;Hombres;50.473
30 Murcia;De 50 a 54 años;Mujeres;50.435
30 Murcia;De 55 a 59 años;Hombres;44.253
30 Murcia;De 55 a 59 años;Mujeres;45.405
30 Murcia;De 60 a 64 años;Hombres;36.771
30 Murcia;De 60 a 64 años;Mujeres;38.992
30 Murcia;De 65 a 69 años;Hombres;28.762
30 Murcia;De 65 a 69 años;Mujeres;31.431
30 Murcia;De 70 a 74 años  ;Hombres;24.513
30 Murcia;De 70 a 74 años  ;Mujeres;28.828
30 Murcia;De 75 a 79 años  ;Hombres;18.274
30 Murcia;De 75 a 79 años  ;Mujeres;23.410
30 Murcia;De 80 a 84 años  ;Hombres;13.515
30 Murcia;De 80 a 84 años  ;Mujeres;19.649
30 Murcia;De 85 a 89 años  ;Hombres;8.756
30 Murcia;De 85 a 89 años  ;Mujeres;14.733
30 Murcia;90 y más años;Hombres;3.834
30 Murcia;90 y más años;Mujeres;7.890
31 Navarra;De 0 a 4 años;Hombres;12.426
31 Navarra;De 0 a 4 años;Mujeres;11.780
31 Navarra;De 5 a 9 años;Hombres;15.750
31 Navarra;De 5 a 9 años;Mujeres;14.878
31 Navarra;De 10 a 14 años  ;Hombres;16.902
31 Navarra;De 10 a 14 años  ;Mujeres;16.112
31 Navarra;De 15 a 19 años  ;Hombres;16.399
31 Navarra;De 15 a 19 años  ;Mujeres;15.484
31 Navarra;De 20 a 24 años;Hombres;14.915
31 Navarra;De 20 a 24 años;Mujeres;14.226
31 Navarra;De 25 a 29 años;Hombres;13.840
31 Navarra;De 25 a 29 años;Mujeres;12.971
31 Navarra;De 30 a 34 años;Hombres;14.160
31 Navarra;De 30 a 34 años;Mujeres;13.551
31 Navarra;De 35 a 39 años;Hombres;17.570
31 Navarra;De 35 a 39 años;Mujeres;17.403
31 Navarra;De 40 a 44 años;Hombres;23.352
31 Navarra;De 40 a 44 años;Mujeres;22.652
31 Navarra;De 45 a 49 años;Hombres;24.427
31 Navarra;De 45 a 49 años;Mujeres;23.588
31 Navarra;De 50 a 54 años;Hombres;23.574
31 Navarra;De 50 a 54 años;Mujeres;22.909
31 Navarra;De 55 a 59 años;Hombres;22.036
31 Navarra;De 55 a 59 años;Mujeres;21.679
31 Navarra;De 60 a 64 años;Hombres;19.341
31 Navarra;De 60 a 64 años;Mujeres;19.418
31 Navarra;De 65 a 69 años;Hombres;16.159
31 Navarra;De 65 a 69 años;Mujeres;16.691
31 Navarra;De 70 a 74 años  ;Hombres;14.577
31 Navarra;De 70 a 74 años  ;Mujeres;16.008
31 Navarra;De 75 a 79 años  ;Hombres;11.297
31 Navarra;De 75 a 79 años  ;Mujeres;13.192
31 Navarra;De 80 a 84 años  ;Hombres;7.320
31 Navarra;De 80 a 84 años  ;Mujeres;10.114
31 Navarra;De 85 a 89 años  ;Hombres;5.215
31 Navarra;De 85 a 89 años  ;Mujeres;9.018
31 Navarra;90 y más años;Hombres;2.573
31 Navarra;90 y más años;Mujeres;6.500
32 Ourense;De 0 a 4 años;Hombres;4.013
32 Ourense;De 0 a 4 años;Mujeres;3.720
32 Ourense;De 5 a 9 años;Hombres;4.904
32 Ourense;De 5 a 9 años;Mujeres;4.549
32 Ourense;De 10 a 14 años  ;Hombres;5.443
32 Ourense;De 10 a 14 años  ;Mujeres;5.140
32 Ourense;De 15 a 19 años  ;Hombres;5.243
32 Ourense;De 15 a 19 años  ;Mujeres;4.936
32 Ourense;De 20 a 24 años;Hombres;5.327
32 Ourense;De 20 a 24 años;Mujeres;4.992
32 Ourense;De 25 a 29 años;Hombres;6.030
32 Ourense;De 25 a 29 años;Mujeres;5.642
32 Ourense;De 30 a 34 años;Hombres;6.579
32 Ourense;De 30 a 34 años;Mujeres;6.371
32 Ourense;De 35 a 39 años;Hombres;8.269
32 Ourense;De 35 a 39 años;Mujeres;7.928
32 Ourense;De 40 a 44 años;Hombres;10.190
32 Ourense;De 40 a 44 años;Mujeres;10.141
32 Ourense;De 45 a 49 años;Hombres;10.336
32 Ourense;De 45 a 49 años;Mujeres;10.337
32 Ourense;De 50 a 54 años;Hombres;10.685
32 Ourense;De 50 a 54 años;Mujeres;10.869
32 Ourense;De 55 a 59 años;Hombres;10.554
32 Ourense;De 55 a 59 años;Mujeres;11.057
32 Ourense;De 60 a 64 años;Hombres;10.345
32 Ourense;De 60 a 64 años;Mujeres;10.758
32 Ourense;De 65 a 69 años;Hombres;9.560
32 Ourense;De 65 a 69 años;Mujeres;10.142
32 Ourense;De 70 a 74 años  ;Hombres;9.573
32 Ourense;De 70 a 74 años  ;Mujeres;10.613
32 Ourense;De 75 a 79 años  ;Hombres;8.274
32 Ourense;De 75 a 79 años  ;Mujeres;10.233
32 Ourense;De 80 a 84 años  ;Hombres;6.223
32 Ourense;De 80 a 84 años  ;Mujeres;8.603
32 Ourense;De 85 a 89 años  ;Hombres;5.078
32 Ourense;De 85 a 89 años  ;Mujeres;8.193
32 Ourense;90 y más años;Hombres;2.590
32 Ourense;90 y más años;Mujeres;5.590
34 Palencia;De 0 a 4 años;Hombres;2.471
34 Palencia;De 0 a 4 años;Mujeres;2.331
34 Palencia;De 5 a 9 años;Hombres;2.968
34 Palencia;De 5 a 9 años;Mujeres;2.705
34 Palencia;De 10 a 14 años  ;Hombres;3.044
34 Palencia;De 10 a 14 años  ;Mujeres;2.964
34 Palencia;De 15 a 19 años  ;Hombres;3.114
34 Palencia;De 15 a 19 años  ;Mujeres;2.988
34 Palencia;De 20 a 24 años;Hombres;3.141
34 Palencia;De 20 a 24 años;Mujeres;3.053
34 Palencia;De 25 a 29 años;Hombres;3.403
34 Palencia;De 25 a 29 años;Mujeres;3.050
34 Palencia;De 30 a 34 años;Hombres;3.840
34 Palencia;De 30 a 34 años;Mujeres;3.467
34 Palencia;De 35 a 39 años;Hombres;4.545
34 Palencia;De 35 a 39 años;Mujeres;4.246
34 Palencia;De 40 a 44 años;Hombres;5.428
34 Palencia;De 40 a 44 años;Mujeres;5.191
34 Palencia;De 45 a 49 años;Hombres;5.557
34 Palencia;De 45 a 49 años;Mujeres;5.302
34 Palencia;De 50 a 54 años;Hombres;6.233
34 Palencia;De 50 a 54 años;Mujeres;5.822
34 Palencia;De 55 a 59 años;Hombres;6.582
34 Palencia;De 55 a 59 años;Mujeres;6.480
34 Palencia;De 60 a 64 años;Hombres;6.525
34 Palencia;De 60 a 64 años;Mujeres;6.325
34 Palencia;De 65 a 69 años;Hombres;5.522
34 Palencia;De 65 a 69 años;Mujeres;5.048
34 Palencia;De 70 a 74 años  ;Hombres;4.406
34 Palencia;De 70 a 74 años  ;Mujeres;4.389
34 Palencia;De 75 a 79 años  ;Hombres;3.359
34 Palencia;De 75 a 79 años  ;Mujeres;3.947
34 Palencia;De 80 a 84 años  ;Hombres;2.240
34 Palencia;De 80 a 84 años  ;Mujeres;3.200
34 Palencia;De 85 a 89 años  ;Hombres;1.804
34 Palencia;De 85 a 89 años  ;Mujeres;3.368
34 Palencia;90 y más años;Hombres;980
34 Palencia;90 y más años;Mujeres;2.533
35 Palmas, Las;De 0 a 4 años;Hombres;18.211
35 Palmas, Las;De 0 a 4 años;Mujeres;17.212
35 Palmas, Las;De 5 a 9 años;Hombres;21.389
35 Palmas, Las;De 5 a 9 años;Mujeres;20.214
35 Palmas, Las;De 10 a 14 años  ;Hombres;27.035
35 Palmas, Las;De 10 a 14 años  ;Mujeres;25.839
35 Palmas, Las;De 15 a 19 años  ;Hombres;28.883
35 Palmas, Las;De 15 a 19 años  ;Mujeres;27.391
35 Palmas, Las;De 20 a 24 años;Hombres;26.380
35 Palmas, Las;De 20 a 24 años;Mujeres;26.897
35 Palmas, Las;De 25 a 29 años;Hombres;28.023
35 Palmas, Las;De 25 a 29 años;Mujeres;26.676
35 Palmas, Las;De 30 a 34 años;Hombres;30.594
35 Palmas, Las;De 30 a 34 años;Mujeres;30.136
35 Palmas, Las;De 35 a 39 años;Hombres;34.831
35 Palmas, Las;De 35 a 39 años;Mujeres;34.427
35 Palmas, Las;De 40 a 44 años;Hombres;41.475
35 Palmas, Las;De 40 a 44 años;Mujeres;40.530
35 Palmas, Las;De 45 a 49 años;Hombres;46.529
35 Palmas, Las;De 45 a 49 años;Mujeres;44.882
35 Palmas, Las;De 50 a 54 años;Hombres;44.152
35 Palmas, Las;De 50 a 54 años;Mujeres;42.893
35 Palmas, Las;De 55 a 59 años;Hombres;39.266
35 Palmas, Las;De 55 a 59 años;Mujeres;38.684
35 Palmas, Las;De 60 a 64 años;Hombres;29.769
35 Palmas, Las;De 60 a 64 años;Mujeres;29.869
35 Palmas, Las;De 65 a 69 años;Hombres;23.667
35 Palmas, Las;De 65 a 69 años;Mujeres;24.973
35 Palmas, Las;De 70 a 74 años  ;Hombres;18.527
35 Palmas, Las;De 70 a 74 años  ;Mujeres;20.772
35 Palmas, Las;De 75 a 79 años  ;Hombres;13.533
35 Palmas, Las;De 75 a 79 años  ;Mujeres;16.239
35 Palmas, Las;De 80 a 84 años  ;Hombres;8.202
35 Palmas, Las;De 80 a 84 años  ;Mujeres;11.798
35 Palmas, Las;De 85 a 89 años  ;Hombres;5.285
35 Palmas, Las;De 85 a 89 años  ;Mujeres;8.904
35 Palmas, Las;90 y más años;Hombres;2.235
35 Palmas, Las;90 y más años;Mujeres;4.737
36 Pontevedra;De 0 a 4 años;Hombres;16.168
36 Pontevedra;De 0 a 4 años;Mujeres;15.095
36 Pontevedra;De 5 a 9 años;Hombres;20.023
36 Pontevedra;De 5 a 9 años;Mujeres;18.259
36 Pontevedra;De 10 a 14 años  ;Hombres;22.644
36 Pontevedra;De 10 a 14 años  ;Mujeres;20.827
36 Pontevedra;De 15 a 19 años  ;Hombres;21.575
36 Pontevedra;De 15 a 19 años  ;Mujeres;19.943
36 Pontevedra;De 20 a 24 años;Hombres;19.874
36 Pontevedra;De 20 a 24 años;Mujeres;18.621
36 Pontevedra;De 25 a 29 años;Hombres;20.992
36 Pontevedra;De 25 a 29 años;Mujeres;19.590
36 Pontevedra;De 30 a 34 años;Hombres;22.916
36 Pontevedra;De 30 a 34 años;Mujeres;22.425
36 Pontevedra;De 35 a 39 años;Hombres;29.803
36 Pontevedra;De 35 a 39 años;Mujeres;29.273
36 Pontevedra;De 40 a 44 años;Hombres;38.791
36 Pontevedra;De 40 a 44 años;Mujeres;39.150
36 Pontevedra;De 45 a 49 años;Hombres;38.299
36 Pontevedra;De 45 a 49 años;Mujeres;38.361
36 Pontevedra;De 50 a 54 años;Hombres;35.491
36 Pontevedra;De 50 a 54 años;Mujeres;36.062
36 Pontevedra;De 55 a 59 años;Hombres;31.240
36 Pontevedra;De 55 a 59 años;Mujeres;33.429
36 Pontevedra;De 60 a 64 años;Hombres;28.931
36 Pontevedra;De 60 a 64 años;Mujeres;31.821
36 Pontevedra;De 65 a 69 años;Hombres;25.088
36 Pontevedra;De 65 a 69 años;Mujeres;28.477
36 Pontevedra;De 70 a 74 años  ;Hombres;23.681
36 Pontevedra;De 70 a 74 años  ;Mujeres;27.738
36 Pontevedra;De 75 a 79 años  ;Hombres;17.992
36 Pontevedra;De 75 a 79 años  ;Mujeres;22.828
36 Pontevedra;De 80 a 84 años  ;Hombres;11.766
36 Pontevedra;De 80 a 84 años  ;Mujeres;18.146
36 Pontevedra;De 85 a 89 años  ;Hombres;8.411
36 Pontevedra;De 85 a 89 años  ;Mujeres;15.818
36 Pontevedra;90 y más años;Hombres;3.969
36 Pontevedra;90 y más años;Mujeres;9.838
26 Rioja, La;De 0 a 4 años;Hombres;5.214
26 Rioja, La;De 0 a 4 años;Mujeres;4.885
26 Rioja, La;De 5 a 9 años;Hombres;6.575
26 Rioja, La;De 5 a 9 años;Mujeres;6.263
26 Rioja, La;De 10 a 14 años  ;Hombres;7.415
26 Rioja, La;De 10 a 14 años  ;Mujeres;6.927
26 Rioja, La;De 15 a 19 años  ;Hombres;6.923
26 Rioja, La;De 15 a 19 años  ;Mujeres;6.708
26 Rioja, La;De 20 a 24 años;Hombres;6.218
26 Rioja, La;De 20 a 24 años;Mujeres;5.985
26 Rioja, La;De 25 a 29 años;Hombres;5.924
26 Rioja, La;De 25 a 29 años;Mujeres;5.675
26 Rioja, La;De 30 a 34 años;Hombres;6.568
26 Rioja, La;De 30 a 34 años;Mujeres;6.345
26 Rioja, La;De 35 a 39 años;Hombres;8.480
26 Rioja, La;De 35 a 39 años;Mujeres;8.063
26 Rioja, La;De 40 a 44 años;Hombres;11.180
26 Rioja, La;De 40 a 44 años;Mujeres;10.860
26 Rioja, La;De 45 a 49 años;Hombres;11.492
26 Rioja, La;De 45 a 49 años;Mujeres;10.882
26 Rioja, La;De 50 a 54 años;Hombres;10.918
26 Rioja, La;De 50 a 54 años;Mujeres;10.781
26 Rioja, La;De 55 a 59 años;Hombres;10.693
26 Rioja, La;De 55 a 59 años;Mujeres;10.667
26 Rioja, La;De 60 a 64 años;Hombres;9.839
26 Rioja, La;De 60 a 64 años;Mujeres;9.865
26 Rioja, La;De 65 a 69 años;Hombres;8.170
26 Rioja, La;De 65 a 69 años;Mujeres;8.228
26 Rioja, La;De 70 a 74 años  ;Hombres;7.276
26 Rioja, La;De 70 a 74 años  ;Mujeres;7.791
26 Rioja, La;De 75 a 79 años  ;Hombres;5.781
26 Rioja, La;De 75 a 79 años  ;Mujeres;6.698
26 Rioja, La;De 80 a 84 años  ;Hombres;3.707
26 Rioja, La;De 80 a 84 años  ;Mujeres;5.270
26 Rioja, La;De 85 a 89 años  ;Hombres;2.941
26 Rioja, La;De 85 a 89 años  ;Mujeres;4.973
26 Rioja, La;90 y más años;Hombres;1.509
26 Rioja, La;90 y más años;Mujeres;3.433
37 Salamanca;De 0 a 4 años;Hombres;5.043
37 Salamanca;De 0 a 4 años;Mujeres;4.823
37 Salamanca;De 5 a 9 años;Hombres;6.117
37 Salamanca;De 5 a 9 años;Mujeres;5.740
37 Salamanca;De 10 a 14 años  ;Hombres;7.103
37 Salamanca;De 10 a 14 años  ;Mujeres;6.564
37 Salamanca;De 15 a 19 años  ;Hombres;6.999
37 Salamanca;De 15 a 19 años  ;Mujeres;6.615
37 Salamanca;De 20 a 24 años;Hombres;6.863
37 Salamanca;De 20 a 24 años;Mujeres;6.478
37 Salamanca;De 25 a 29 años;Hombres;6.981
37 Salamanca;De 25 a 29 años;Mujeres;6.641
37 Salamanca;De 30 a 34 años;Hombres;7.571
37 Salamanca;De 30 a 34 años;Mujeres;7.061
37 Salamanca;De 35 a 39 años;Hombres;8.885
37 Salamanca;De 35 a 39 años;Mujeres;8.626
37 Salamanca;De 40 a 44 años;Hombres;10.551
37 Salamanca;De 40 a 44 años;Mujeres;10.431
37 Salamanca;De 45 a 49 años;Hombres;11.410
37 Salamanca;De 45 a 49 años;Mujeres;11.689
37 Salamanca;De 50 a 54 años;Hombres;12.383
37 Salamanca;De 50 a 54 años;Mujeres;12.725
37 Salamanca;De 55 a 59 años;Hombres;12.879
37 Salamanca;De 55 a 59 años;Mujeres;12.882
37 Salamanca;De 60 a 64 años;Hombres;11.660
37 Salamanca;De 60 a 64 años;Mujeres;11.755
37 Salamanca;De 65 a 69 años;Hombres;9.594
37 Salamanca;De 65 a 69 años;Mujeres;9.764
37 Salamanca;De 70 a 74 años  ;Hombres;8.508
37 Salamanca;De 70 a 74 años  ;Mujeres;9.707
37 Salamanca;De 75 a 79 años  ;Hombres;7.453
37 Salamanca;De 75 a 79 años  ;Mujeres;8.917
37 Salamanca;De 80 a 84 años  ;Hombres;5.659
37 Salamanca;De 80 a 84 años  ;Mujeres;7.712
37 Salamanca;De 85 a 89 años  ;Hombres;4.484
37 Salamanca;De 85 a 89 años  ;Mujeres;7.042
37 Salamanca;90 y más años;Hombres;2.573
37 Salamanca;90 y más años;Mujeres;5.398
38 Santa Cruz de Tenerife;De 0 a 4 años;Hombres;16.582
38 Santa Cruz de Tenerife;De 0 a 4 años;Mujeres;15.802
38 Santa Cruz de Tenerife;De 5 a 9 años;Hombres;19.629
38 Santa Cruz de Tenerife;De 5 a 9 años;Mujeres;18.754
38 Santa Cruz de Tenerife;De 10 a 14 años  ;Hombres;23.751
38 Santa Cruz de Tenerife;De 10 a 14 años  ;Mujeres;22.168
38 Santa Cruz de Tenerife;De 15 a 19 años  ;Hombres;24.225
38 Santa Cruz de Tenerife;De 15 a 19 años  ;Mujeres;22.633
38 Santa Cruz de Tenerife;De 20 a 24 años;Hombres;24.068
38 Santa Cruz de Tenerife;De 20 a 24 años;Mujeres;22.920
38 Santa Cruz de Tenerife;De 25 a 29 años;Hombres;25.112
38 Santa Cruz de Tenerife;De 25 a 29 años;Mujeres;24.275
38 Santa Cruz de Tenerife;De 30 a 34 años;Hombres;26.943
38 Santa Cruz de Tenerife;De 30 a 34 años;Mujeres;26.858
38 Santa Cruz de Tenerife;De 35 a 39 años;Hombres;31.634
38 Santa Cruz de Tenerife;De 35 a 39 años;Mujeres;31.736
38 Santa Cruz de Tenerife;De 40 a 44 años;Hombres;38.380
38 Santa Cruz de Tenerife;De 40 a 44 años;Mujeres;37.608
38 Santa Cruz de Tenerife;De 45 a 49 años;Hombres;40.880
38 Santa Cruz de Tenerife;De 45 a 49 años;Mujeres;39.874
38 Santa Cruz de Tenerife;De 50 a 54 años;Hombres;37.994
38 Santa Cruz de Tenerife;De 50 a 54 años;Mujeres;38.287
38 Santa Cruz de Tenerife;De 55 a 59 años;Hombres;34.509
38 Santa Cruz de Tenerife;De 55 a 59 años;Mujeres;35.375
38 Santa Cruz de Tenerife;De 60 a 64 años;Hombres;27.294
38 Santa Cruz de Tenerife;De 60 a 64 años;Mujeres;28.697
38 Santa Cruz de Tenerife;De 65 a 69 años;Hombres;21.895
38 Santa Cruz de Tenerife;De 65 a 69 años;Mujeres;23.660
38 Santa Cruz de Tenerife;De 70 a 74 años  ;Hombres;17.860
38 Santa Cruz de Tenerife;De 70 a 74 años  ;Mujeres;20.251
38 Santa Cruz de Tenerife;De 75 a 79 años  ;Hombres;13.971
38 Santa Cruz de Tenerife;De 75 a 79 años  ;Mujeres;17.401
38 Santa Cruz de Tenerife;De 80 a 84 años  ;Hombres;8.531
38 Santa Cruz de Tenerife;De 80 a 84 años  ;Mujeres;12.874
38 Santa Cruz de Tenerife;De 85 a 89 años  ;Hombres;5.734
38 Santa Cruz de Tenerife;De 85 a 89 años  ;Mujeres;10.161
38 Santa Cruz de Tenerife;90 y más años;Hombres;2.434
38 Santa Cruz de Tenerife;90 y más años;Mujeres;5.366
40 Segovia;De 0 a 4 años;Hombres;2.223
40 Segovia;De 0 a 4 años;Mujeres;2.225
40 Segovia;De 5 a 9 años;Hombres;2.993
40 Segovia;De 5 a 9 años;Mujeres;2.734
40 Segovia;De 10 a 14 años  ;Hombres;3.371
40 Segovia;De 10 a 14 años  ;Mujeres;3.195
40 Segovia;De 15 a 19 años  ;Hombres;3.330
40 Segovia;De 15 a 19 años  ;Mujeres;3.143
40 Segovia;De 20 a 24 años;Hombres;3.293
40 Segovia;De 20 a 24 años;Mujeres;3.033
40 Segovia;De 25 a 29 años;Hombres;3.260
40 Segovia;De 25 a 29 años;Mujeres;2.729
40 Segovia;De 30 a 34 años;Hombres;3.242
40 Segovia;De 30 a 34 años;Mujeres;2.755
40 Segovia;De 35 a 39 años;Hombres;3.861
40 Segovia;De 35 a 39 años;Mujeres;3.430
40 Segovia;De 40 a 44 años;Hombres;4.725
40 Segovia;De 40 a 44 años;Mujeres;4.498
40 Segovia;De 45 a 49 años;Hombres;5.325
40 Segovia;De 45 a 49 años;Mujeres;4.875
40 Segovia;De 50 a 54 años;Hombres;5.679
40 Segovia;De 50 a 54 años;Mujeres;5.359
40 Segovia;De 55 a 59 años;Hombres;5.913
40 Segovia;De 55 a 59 años;Mujeres;5.450
40 Segovia;De 60 a 64 años;Hombres;5.297
40 Segovia;De 60 a 64 años;Mujeres;4.759
40 Segovia;De 65 a 69 años;Hombres;4.121
40 Segovia;De 65 a 69 años;Mujeres;3.625
40 Segovia;De 70 a 74 años  ;Hombres;3.492
40 Segovia;De 70 a 74 años  ;Mujeres;3.480
40 Segovia;De 75 a 79 años  ;Hombres;2.752
40 Segovia;De 75 a 79 años  ;Mujeres;3.288
40 Segovia;De 80 a 84 años  ;Hombres;2.069
40 Segovia;De 80 a 84 años  ;Mujeres;3.005
40 Segovia;De 85 a 89 años  ;Hombres;1.794
40 Segovia;De 85 a 89 años  ;Mujeres;2.799
40 Segovia;90 y más años;Hombres;937
40 Segovia;90 y más años;Mujeres;2.092
41 Sevilla;De 0 a 4 años;Hombres;43.434
41 Sevilla;De 0 a 4 años;Mujeres;40.781
41 Sevilla;De 5 a 9 años;Hombres;52.745
41 Sevilla;De 5 a 9 años;Mujeres;50.041
41 Sevilla;De 10 a 14 años  ;Hombres;60.387
41 Sevilla;De 10 a 14 años  ;Mujeres;57.496
41 Sevilla;De 15 a 19 años  ;Hombres;54.215
41 Sevilla;De 15 a 19 años  ;Mujeres;51.849
41 Sevilla;De 20 a 24 años;Hombres;49.524
41 Sevilla;De 20 a 24 años;Mujeres;46.928
41 Sevilla;De 25 a 29 años;Hombres;51.612
41 Sevilla;De 25 a 29 años;Mujeres;48.949
41 Sevilla;De 30 a 34 años;Hombres;53.412
41 Sevilla;De 30 a 34 años;Mujeres;52.570
41 Sevilla;De 35 a 39 años;Hombres;65.192
41 Sevilla;De 35 a 39 años;Mujeres;64.823
41 Sevilla;De 40 a 44 años;Hombres;79.629
41 Sevilla;De 40 a 44 años;Mujeres;78.837
41 Sevilla;De 45 a 49 años;Hombres;78.360
41 Sevilla;De 45 a 49 años;Mujeres;78.453
41 Sevilla;De 50 a 54 años;Hombres;73.781
41 Sevilla;De 50 a 54 años;Mujeres;74.833
41 Sevilla;De 55 a 59 años;Hombres;65.583
41 Sevilla;De 55 a 59 años;Mujeres;68.422
41 Sevilla;De 60 a 64 años;Hombres;53.648
41 Sevilla;De 60 a 64 años;Mujeres;57.790
41 Sevilla;De 65 a 69 años;Hombres;42.910
41 Sevilla;De 65 a 69 años;Mujeres;48.006
41 Sevilla;De 70 a 74 años  ;Hombres;36.281
41 Sevilla;De 70 a 74 años  ;Mujeres;43.804
41 Sevilla;De 75 a 79 años  ;Hombres;28.355
41 Sevilla;De 75 a 79 años  ;Mujeres;37.018
41 Sevilla;De 80 a 84 años  ;Hombres;17.172
41 Sevilla;De 80 a 84 años  ;Mujeres;27.342
41 Sevilla;De 85 a 89 años  ;Hombres;10.124
41 Sevilla;De 85 a 89 años  ;Mujeres;19.714
41 Sevilla;90 y más años;Hombres;4.007
41 Sevilla;90 y más años;Mujeres;10.357
42 Soria;De 0 a 4 años;Hombres;1.378
42 Soria;De 0 a 4 años;Mujeres;1.273
42 Soria;De 5 a 9 años;Hombres;1.592
42 Soria;De 5 a 9 años;Mujeres;1.527
42 Soria;De 10 a 14 años  ;Hombres;1.836
42 Soria;De 10 a 14 años  ;Mujeres;1.712
42 Soria;De 15 a 19 años  ;Hombres;1.817
42 Soria;De 15 a 19 años  ;Mujeres;1.731
42 Soria;De 20 a 24 años;Hombres;1.756
42 Soria;De 20 a 24 años;Mujeres;1.667
42 Soria;De 25 a 29 años;Hombres;1.723
42 Soria;De 25 a 29 años;Mujeres;1.565
42 Soria;De 30 a 34 años;Hombres;1.913
42 Soria;De 30 a 34 años;Mujeres;1.710
42 Soria;De 35 a 39 años;Hombres;2.193
42 Soria;De 35 a 39 años;Mujeres;2.029
42 Soria;De 40 a 44 años;Hombres;2.733
42 Soria;De 40 a 44 años;Mujeres;2.511
42 Soria;De 45 a 49 años;Hombres;2.916
42 Soria;De 45 a 49 años;Mujeres;2.713
42 Soria;De 50 a 54 años;Hombres;3.374
42 Soria;De 50 a 54 años;Mujeres;3.056
42 Soria;De 55 a 59 años;Hombres;3.565
42 Soria;De 55 a 59 años;Mujeres;3.205
42 Soria;De 60 a 64 años;Hombres;3.203
42 Soria;De 60 a 64 años;Mujeres;2.785
42 Soria;De 65 a 69 años;Hombres;2.524
42 Soria;De 65 a 69 años;Mujeres;2.297
42 Soria;De 70 a 74 años  ;Hombres;2.258
42 Soria;De 70 a 74 años  ;Mujeres;2.129
42 Soria;De 75 a 79 años  ;Hombres;1.923
42 Soria;De 75 a 79 años  ;Mujeres;2.038
42 Soria;De 80 a 84 años  ;Hombres;1.411
42 Soria;De 80 a 84 años  ;Mujeres;1.909
42 Soria;De 85 a 89 años  ;Hombres;1.294
42 Soria;De 85 a 89 años  ;Mujeres;1.947
42 Soria;90 y más años;Hombres;811
42 Soria;90 y más años;Mujeres;1.586
43 Tarragona;De 0 a 4 años;Hombres;14.140
43 Tarragona;De 0 a 4 años;Mujeres;13.258
43 Tarragona;De 5 a 9 años;Hombres;18.413
43 Tarragona;De 5 a 9 años;Mujeres;16.879
43 Tarragona;De 10 a 14 años  ;Hombres;20.876
43 Tarragona;De 10 a 14 años  ;Mujeres;19.261
43 Tarragona;De 15 a 19 años  ;Hombres;18.570
43 Tarragona;De 15 a 19 años  ;Mujeres;17.478
43 Tarragona;De 20 a 24 años;Hombres;16.200
43 Tarragona;De 20 a 24 años;Mujeres;15.377
43 Tarragona;De 25 a 29 años;Hombres;15.574
43 Tarragona;De 25 a 29 años;Mujeres;14.838
43 Tarragona;De 30 a 34 años;Hombres;16.558
43 Tarragona;De 30 a 34 años;Mujeres;15.987
43 Tarragona;De 35 a 39 años;Hombres;21.191
43 Tarragona;De 35 a 39 años;Mujeres;20.387
43 Tarragona;De 40 a 44 años;Hombres;28.338
43 Tarragona;De 40 a 44 años;Mujeres;26.799
43 Tarragona;De 45 a 49 años;Hombres;28.401
43 Tarragona;De 45 a 49 años;Mujeres;26.791
43 Tarragona;De 50 a 54 años;Hombres;26.520
43 Tarragona;De 50 a 54 años;Mujeres;25.465
43 Tarragona;De 55 a 59 años;Hombres;24.335
43 Tarragona;De 55 a 59 años;Mujeres;24.654
43 Tarragona;De 60 a 64 años;Hombres;22.010
43 Tarragona;De 60 a 64 años;Mujeres;22.673
43 Tarragona;De 65 a 69 años;Hombres;19.275
43 Tarragona;De 65 a 69 años;Mujeres;20.314
43 Tarragona;De 70 a 74 años  ;Hombres;17.332
43 Tarragona;De 70 a 74 años  ;Mujeres;18.888
43 Tarragona;De 75 a 79 años  ;Hombres;12.911
43 Tarragona;De 75 a 79 años  ;Mujeres;15.046
43 Tarragona;De 80 a 84 años  ;Hombres;8.360
43 Tarragona;De 80 a 84 años  ;Mujeres;11.112
43 Tarragona;De 85 a 89 años  ;Hombres;5.927
43 Tarragona;De 85 a 89 años  ;Mujeres;9.723
43 Tarragona;90 y más años;Hombres;3.058
43 Tarragona;90 y más años;Mujeres;6.690
44 Teruel;De 0 a 4 años;Hombres;2.048
44 Teruel;De 0 a 4 años;Mujeres;1.974
44 Teruel;De 5 a 9 años;Hombres;2.451
44 Teruel;De 5 a 9 años;Mujeres;2.309
44 Teruel;De 10 a 14 años  ;Hombres;2.685
44 Teruel;De 10 a 14 años  ;Mujeres;2.629
44 Teruel;De 15 a 19 años  ;Hombres;2.671
44 Teruel;De 15 a 19 años  ;Mujeres;2.558
44 Teruel;De 20 a 24 años;Hombres;2.711
44 Teruel;De 20 a 24 años;Mujeres;2.546
44 Teruel;De 25 a 29 años;Hombres;2.874
44 Teruel;De 25 a 29 años;Mujeres;2.662
44 Teruel;De 30 a 34 años;Hombres;3.171
44 Teruel;De 30 a 34 años;Mujeres;2.822
44 Teruel;De 35 a 39 años;Hombres;3.553
44 Teruel;De 35 a 39 años;Mujeres;3.049
44 Teruel;De 40 a 44 años;Hombres;4.130
44 Teruel;De 40 a 44 años;Mujeres;3.638
44 Teruel;De 45 a 49 años;Hombres;4.420
44 Teruel;De 45 a 49 años;Mujeres;3.917
44 Teruel;De 50 a 54 años;Hombres;4.717
44 Teruel;De 50 a 54 años;Mujeres;4.556
44 Teruel;De 55 a 59 años;Hombres;5.154
44 Teruel;De 55 a 59 años;Mujeres;4.705
44 Teruel;De 60 a 64 años;Hombres;4.822
44 Teruel;De 60 a 64 años;Mujeres;4.111
44 Teruel;De 65 a 69 años;Hombres;3.764
44 Teruel;De 65 a 69 años;Mujeres;3.379
44 Teruel;De 70 a 74 años  ;Hombres;3.169
44 Teruel;De 70 a 74 años  ;Mujeres;3.165
44 Teruel;De 75 a 79 años  ;Hombres;2.568
44 Teruel;De 75 a 79 años  ;Mujeres;2.912
44 Teruel;De 80 a 84 años  ;Hombres;2.035
44 Teruel;De 80 a 84 años  ;Mujeres;2.713
44 Teruel;De 85 a 89 años  ;Hombres;1.959
44 Teruel;De 85 a 89 años  ;Mujeres;2.784
44 Teruel;90 y más años;Hombres;1.127
44 Teruel;90 y más años;Mujeres;1.969
45 Toledo;De 0 a 4 años;Hombres;13.950
45 Toledo;De 0 a 4 años;Mujeres;13.146
45 Toledo;De 5 a 9 años;Hombres;17.136
45 Toledo;De 5 a 9 años;Mujeres;16.026
45 Toledo;De 10 a 14 años  ;Hombres;19.542
45 Toledo;De 10 a 14 años  ;Mujeres;17.978
45 Toledo;De 15 a 19 años  ;Hombres;18.108
45 Toledo;De 15 a 19 años  ;Mujeres;16.504
45 Toledo;De 20 a 24 años;Hombres;16.222
45 Toledo;De 20 a 24 años;Mujeres;14.834
45 Toledo;De 25 a 29 años;Hombres;16.070
45 Toledo;De 25 a 29 años;Mujeres;14.390
45 Toledo;De 30 a 34 años;Hombres;17.218
45 Toledo;De 30 a 34 años;Mujeres;15.897
45 Toledo;De 35 a 39 años;Hombres;21.826
45 Toledo;De 35 a 39 años;Mujeres;20.304
45 Toledo;De 40 a 44 años;Hombres;26.834
45 Toledo;De 40 a 44 años;Mujeres;24.753
45 Toledo;De 45 a 49 años;Hombres;25.971
45 Toledo;De 45 a 49 años;Mujeres;24.469
45 Toledo;De 50 a 54 años;Hombres;24.623
45 Toledo;De 50 a 54 años;Mujeres;23.590
45 Toledo;De 55 a 59 años;Hombres;23.058
45 Toledo;De 55 a 59 años;Mujeres;22.041
45 Toledo;De 60 a 64 años;Hombres;19.977
45 Toledo;De 60 a 64 años;Mujeres;19.163
45 Toledo;De 65 a 69 años;Hombres;15.672
45 Toledo;De 65 a 69 años;Mujeres;15.243
45 Toledo;De 70 a 74 años  ;Hombres;13.437
45 Toledo;De 70 a 74 años  ;Mujeres;14.232
45 Toledo;De 75 a 79 años  ;Hombres;10.412
45 Toledo;De 75 a 79 años  ;Mujeres;12.288
45 Toledo;De 80 a 84 años  ;Hombres;7.473
45 Toledo;De 80 a 84 años  ;Mujeres;10.272
45 Toledo;De 85 a 89 años  ;Hombres;6.054
45 Toledo;De 85 a 89 años  ;Mujeres;9.020
45 Toledo;90 y más años;Hombres;3.170
45 Toledo;90 y más años;Mujeres;6.428
46 Valencia/València;De 0 a 4 años;Hombres;46.218
46 Valencia/València;De 0 a 4 años;Mujeres;43.596
46 Valencia/València;De 5 a 9 años;Hombres;57.723
46 Valencia/València;De 5 a 9 años;Mujeres;54.363
46 Valencia/València;De 10 a 14 años  ;Hombres;66.940
46 Valencia/València;De 10 a 14 años  ;Mujeres;62.943
46 Valencia/València;De 15 a 19 años  ;Hombres;62.509
46 Valencia/València;De 15 a 19 años  ;Mujeres;59.323
46 Valencia/València;De 20 a 24 años;Hombres;55.955
46 Valencia/València;De 20 a 24 años;Mujeres;52.826
46 Valencia/València;De 25 a 29 años;Hombres;55.802
46 Valencia/València;De 25 a 29 años;Mujeres;52.938
46 Valencia/València;De 30 a 34 años;Hombres;59.200
46 Valencia/València;De 30 a 34 años;Mujeres;56.526
46 Valencia/València;De 35 a 39 años;Hombres;73.862
46 Valencia/València;De 35 a 39 años;Mujeres;71.611
46 Valencia/València;De 40 a 44 años;Hombres;96.454
46 Valencia/València;De 40 a 44 años;Mujeres;93.620
46 Valencia/València;De 45 a 49 años;Hombres;97.284
46 Valencia/València;De 45 a 49 años;Mujeres;95.234
46 Valencia/València;De 50 a 54 años;Hombres;91.880
46 Valencia/València;De 50 a 54 años;Mujeres;92.052
46 Valencia/València;De 55 a 59 años;Hombres;83.759
46 Valencia/València;De 55 a 59 años;Mujeres;87.397
46 Valencia/València;De 60 a 64 años;Hombres;73.105
46 Valencia/València;De 60 a 64 años;Mujeres;78.883
46 Valencia/València;De 65 a 69 años;Hombres;60.239
46 Valencia/València;De 65 a 69 años;Mujeres;67.759
46 Valencia/València;De 70 a 74 años  ;Hombres;52.591
46 Valencia/València;De 70 a 74 años  ;Mujeres;63.386
46 Valencia/València;De 75 a 79 años  ;Hombres;40.884
46 Valencia/València;De 75 a 79 años  ;Mujeres;53.259
46 Valencia/València;De 80 a 84 años  ;Hombres;27.379
46 Valencia/València;De 80 a 84 años  ;Mujeres;41.360
46 Valencia/València;De 85 a 89 años  ;Hombres;17.472
46 Valencia/València;De 85 a 89 años  ;Mujeres;31.709
46 Valencia/València;90 y más años;Hombres;7.860
46 Valencia/València;90 y más años;Mujeres;19.044
47 Valladolid;De 0 a 4 años;Hombres;8.779
47 Valladolid;De 0 a 4 años;Mujeres;8.360
47 Valladolid;De 5 a 9 años;Hombres;11.243
47 Valladolid;De 5 a 9 años;Mujeres;10.649
47 Valladolid;De 10 a 14 años  ;Hombres;12.336
47 Valladolid;De 10 a 14 años  ;Mujeres;11.596
47 Valladolid;De 15 a 19 años  ;Hombres;11.397
47 Valladolid;De 15 a 19 años  ;Mujeres;10.990
47 Valladolid;De 20 a 24 años;Hombres;10.238
47 Valladolid;De 20 a 24 años;Mujeres;9.965
47 Valladolid;De 25 a 29 años;Hombres;10.496
47 Valladolid;De 25 a 29 años;Mujeres;9.600
47 Valladolid;De 30 a 34 años;Hombres;11.254
47 Valladolid;De 30 a 34 años;Mujeres;10.751
47 Valladolid;De 35 a 39 años;Hombres;14.720
47 Valladolid;De 35 a 39 años;Mujeres;14.599
47 Valladolid;De 40 a 44 años;Hombres;20.073
47 Valladolid;De 40 a 44 años;Mujeres;19.662
47 Valladolid;De 45 a 49 años;Hombres;20.817
47 Valladolid;De 45 a 49 años;Mujeres;20.482
47 Valladolid;De 50 a 54 años;Hombres;19.908
47 Valladolid;De 50 a 54 años;Mujeres;20.174
47 Valladolid;De 55 a 59 años;Hombres;18.625
47 Valladolid;De 55 a 59 años;Mujeres;19.416
47 Valladolid;De 60 a 64 años;Hombres;17.044
47 Valladolid;De 60 a 64 años;Mujeres;18.404
47 Valladolid;De 65 a 69 años;Hombres;14.655
47 Valladolid;De 65 a 69 años;Mujeres;16.030
47 Valladolid;De 70 a 74 años  ;Hombres;13.703
47 Valladolid;De 70 a 74 años  ;Mujeres;15.265
47 Valladolid;De 75 a 79 años  ;Hombres;10.743
47 Valladolid;De 75 a 79 años  ;Mujeres;13.044
47 Valladolid;De 80 a 84 años  ;Hombres;6.962
47 Valladolid;De 80 a 84 años  ;Mujeres;9.502
47 Valladolid;De 85 a 89 años  ;Hombres;4.672
47 Valladolid;De 85 a 89 años  ;Mujeres;7.949
47 Valladolid;90 y más años;Hombres;2.228
47 Valladolid;90 y más años;Mujeres;5.705
49 Zamora;De 0 a 4 años;Hombres;2.149
49 Zamora;De 0 a 4 años;Mujeres;1.946
49 Zamora;De 5 a 9 años;Hombres;2.620
49 Zamora;De 5 a 9 años;Mujeres;2.428
49 Zamora;De 10 a 14 años  ;Hombres;2.936
49 Zamora;De 10 a 14 años  ;Mujeres;2.819
49 Zamora;De 15 a 19 años  ;Hombres;3.093
49 Zamora;De 15 a 19 años  ;Mujeres;2.976
49 Zamora;De 20 a 24 años;Hombres;3.304
49 Zamora;De 20 a 24 años;Mujeres;3.063
49 Zamora;De 25 a 29 años;Hombres;3.446
49 Zamora;De 25 a 29 años;Mujeres;3.164
49 Zamora;De 30 a 34 años;Hombres;3.841
49 Zamora;De 30 a 34 años;Mujeres;3.413
49 Zamora;De 35 a 39 años;Hombres;4.630
49 Zamora;De 35 a 39 años;Mujeres;4.077
49 Zamora;De 40 a 44 años;Hombres;5.607
49 Zamora;De 40 a 44 años;Mujeres;5.245
49 Zamora;De 45 a 49 años;Hombres;5.709
49 Zamora;De 45 a 49 años;Mujeres;5.438
49 Zamora;De 50 a 54 años;Hombres;6.318
49 Zamora;De 50 a 54 años;Mujeres;6.143
49 Zamora;De 55 a 59 años;Hombres;7.138
49 Zamora;De 55 a 59 años;Mujeres;6.609
49 Zamora;De 60 a 64 años;Hombres;6.708
49 Zamora;De 60 a 64 años;Mujeres;6.213
49 Zamora;De 65 a 69 años;Hombres;5.745
49 Zamora;De 65 a 69 años;Mujeres;5.352
49 Zamora;De 70 a 74 años  ;Hombres;5.127
49 Zamora;De 70 a 74 años  ;Mujeres;5.339
49 Zamora;De 75 a 79 años  ;Hombres;4.566
49 Zamora;De 75 a 79 años  ;Mujeres;5.189
49 Zamora;De 80 a 84 años  ;Hombres;3.509
49 Zamora;De 80 a 84 años  ;Mujeres;4.962
49 Zamora;De 85 a 89 años  ;Hombres;3.033
49 Zamora;De 85 a 89 años  ;Mujeres;4.489
49 Zamora;90 y más años;Hombres;1.616
49 Zamora;90 y más años;Mujeres;3.177
50 Zaragoza;De 0 a 4 años;Hombres;16.523
50 Zaragoza;De 0 a 4 años;Mujeres;15.613
50 Zaragoza;De 5 a 9 años;Hombres;20.643
50 Zaragoza;De 5 a 9 años;Mujeres;19.335
50 Zaragoza;De 10 a 14 años  ;Hombres;23.431
50 Zaragoza;De 10 a 14 años  ;Mujeres;21.659
50 Zaragoza;De 15 a 19 años  ;Hombres;21.529
50 Zaragoza;De 15 a 19 años  ;Mujeres;20.402
50 Zaragoza;De 20 a 24 años;Hombres;19.434
50 Zaragoza;De 20 a 24 años;Mujeres;18.074
50 Zaragoza;De 25 a 29 años;Hombres;19.114
50 Zaragoza;De 25 a 29 años;Mujeres;18.177
50 Zaragoza;De 30 a 34 años;Hombres;20.820
50 Zaragoza;De 30 a 34 años;Mujeres;19.773
50 Zaragoza;De 35 a 39 años;Hombres;25.546
50 Zaragoza;De 35 a 39 años;Mujeres;24.521
50 Zaragoza;De 40 a 44 años;Hombres;32.947
50 Zaragoza;De 40 a 44 años;Mujeres;32.493
50 Zaragoza;De 45 a 49 años;Hombres;34.924
50 Zaragoza;De 45 a 49 años;Mujeres;34.053
50 Zaragoza;De 50 a 54 años;Hombres;33.232
50 Zaragoza;De 50 a 54 años;Mujeres;33.054
50 Zaragoza;De 55 a 59 años;Hombres;32.073
50 Zaragoza;De 55 a 59 años;Mujeres;32.437
50 Zaragoza;De 60 a 64 años;Hombres;28.652
50 Zaragoza;De 60 a 64 años;Mujeres;30.249
50 Zaragoza;De 65 a 69 años;Hombres;23.698
50 Zaragoza;De 65 a 69 años;Mujeres;26.494
50 Zaragoza;De 70 a 74 años  ;Hombres;21.523
50 Zaragoza;De 70 a 74 años  ;Mujeres;25.532
50 Zaragoza;De 75 a 79 años  ;Hombres;17.224
50 Zaragoza;De 75 a 79 años  ;Mujeres;21.480
50 Zaragoza;De 80 a 84 años  ;Hombres;11.463
50 Zaragoza;De 80 a 84 años  ;Mujeres;16.879
50 Zaragoza;De 85 a 89 años  ;Hombres;8.846
50 Zaragoza;De 85 a 89 años  ;Mujeres;15.248
50 Zaragoza;90 y más años;Hombres;4.212
50 Zaragoza;90 y más años;Mujeres;10.282
51 Ceuta;De 0 a 4 años;Hombres;2.252
51 Ceuta;De 0 a 4 años;Mujeres;2.135
51 Ceuta;De 5 a 9 años;Hombres;2.823
51 Ceuta;De 5 a 9 años;Mujeres;2.683
51 Ceuta;De 10 a 14 años  ;Hombres;3.034
51 Ceuta;De 10 a 14 años  ;Mujeres;3.041
51 Ceuta;De 15 a 19 años  ;Hombres;2.764
51 Ceuta;De 15 a 19 años  ;Mujeres;2.709
51 Ceuta;De 20 a 24 años;Hombres;2.606
51 Ceuta;De 20 a 24 años;Mujeres;2.726
51 Ceuta;De 25 a 29 años;Hombres;2.729
51 Ceuta;De 25 a 29 años;Mujeres;2.510
51 Ceuta;De 30 a 34 años;Hombres;2.706
51 Ceuta;De 30 a 34 años;Mujeres;2.436
51 Ceuta;De 35 a 39 años;Hombres;2.822
51 Ceuta;De 35 a 39 años;Mujeres;2.547
51 Ceuta;De 40 a 44 años;Hombres;3.058
51 Ceuta;De 40 a 44 años;Mujeres;2.648
51 Ceuta;De 45 a 49 años;Hombres;3.038
51 Ceuta;De 45 a 49 años;Mujeres;2.608
51 Ceuta;De 50 a 54 años;Hombres;2.849
51 Ceuta;De 50 a 54 años;Mujeres;2.564
51 Ceuta;De 55 a 59 años;Hombres;2.812
51 Ceuta;De 55 a 59 años;Mujeres;2.662
51 Ceuta;De 60 a 64 años;Hombres;2.365
51 Ceuta;De 60 a 64 años;Mujeres;2.246
51 Ceuta;De 65 a 69 años;Hombres;1.671
51 Ceuta;De 65 a 69 años;Mujeres;1.577
51 Ceuta;De 70 a 74 años  ;Hombres;1.166
51 Ceuta;De 70 a 74 años  ;Mujeres;1.228
51 Ceuta;De 75 a 79 años  ;Hombres;811
51 Ceuta;De 75 a 79 años  ;Mujeres;1.043
51 Ceuta;De 80 a 84 años  ;Hombres;529
51 Ceuta;De 80 a 84 años  ;Mujeres;812
51 Ceuta;De 85 a 89 años  ;Hombres;294
51 Ceuta;De 85 a 89 años  ;Mujeres;578
51 Ceuta;90 y más años;Hombres;138
51 Ceuta;90 y más años;Mujeres;338
52 Melilla;De 0 a 4 años;Hombres;2.514
52 Melilla;De 0 a 4 años;Mujeres;2.399
52 Melilla;De 5 a 9 años;Hombres;3.273
52 Melilla;De 5 a 9 años;Mujeres;3.010
52 Melilla;De 10 a 14 años  ;Hombres;3.088
52 Melilla;De 10 a 14 años  ;Mujeres;2.911
52 Melilla;De 15 a 19 años  ;Hombres;2.789
52 Melilla;De 15 a 19 años  ;Mujeres;2.718
52 Melilla;De 20 a 24 años;Hombres;2.905
52 Melilla;De 20 a 24 años;Mujeres;2.575
52 Melilla;De 25 a 29 años;Hombres;2.829
52 Melilla;De 25 a 29 años;Mujeres;2.355
52 Melilla;De 30 a 34 años;Hombres;2.501
52 Melilla;De 30 a 34 años;Mujeres;2.283
52 Melilla;De 35 a 39 años;Hombres;2.551
52 Melilla;De 35 a 39 años;Mujeres;2.301
52 Melilla;De 40 a 44 años;Hombres;2.544
52 Melilla;De 40 a 44 años;Mujeres;2.350
52 Melilla;De 45 a 49 años;Hombres;2.456
52 Melilla;De 45 a 49 años;Mujeres;2.243
52 Melilla;De 50 a 54 años;Hombres;2.597
52 Melilla;De 50 a 54 años;Mujeres;2.418
52 Melilla;De 55 a 59 años;Hombres;2.531
52 Melilla;De 55 a 59 años;Mujeres;2.206
52 Melilla;De 60 a 64 años;Hombres;2.312
52 Melilla;De 60 a 64 años;Mujeres;2.039
52 Melilla;De 65 a 69 años;Hombres;1.520
52 Melilla;De 65 a 69 años;Mujeres;1.366
52 Melilla;De 70 a 74 años  ;Hombres;942
52 Melilla;De 70 a 74 años  ;Mujeres;991
52 Melilla;De 75 a 79 años  ;Hombres;676
52 Melilla;De 75 a 79 años  ;Mujeres;865
52 Melilla;De 80 a 84 años  ;Hombres;435
52 Melilla;De 80 a 84 años  ;Mujeres;693
52 Melilla;De 85 a 89 años  ;Hombres;228
52 Melilla;De 85 a 89 años  ;Mujeres;460
52 Melilla;90 y más años;Hombres;116
52 Melilla;90 y más años;Mujeres;314
